ball_x,ball_y,ball_vx,ball_vy,paddle_direction,paddle_y,Ball.RADIUS,Paddle.L,Paddle.STEP,WIDTH,HEIGHT,BORDER,VELOCITY,FPS
770,200,-12,2,0,200,10,80,20,800,400,20,12,30
770,200,-12,2,0,200,10,80,20,800,400,20,12,30
758,202,-12,2,0,200,10,80,20,800,400,20,12,30
746,204,-12,2,0,200,10,80,20,800,400,20,12,30
734,206,-12,2,0,200,10,80,20,800,400,20,12,30
722,208,-12,2,0,200,10,80,20,800,400,20,12,30
710,210,-12,2,0,200,10,80,20,800,400,20,12,30
698,212,-12,2,0,200,10,80,20,800,400,20,12,30
686,214,-12,2,0,200,10,80,20,800,400,20,12,30
674,216,-12,2,0,200,10,80,20,800,400,20,12,30
662,218,-12,2,0,200,10,80,20,800,400,20,12,30
650,220,-12,2,0,200,10,80,20,800,400,20,12,30
638,222,-12,2,0,200,10,80,20,800,400,20,12,30
626,224,-12,2,0,200,10,80,20,800,400,20,12,30
614,226,-12,2,0,200,10,80,20,800,400,20,12,30
602,228,-12,2,0,200,10,80,20,800,400,20,12,30
590,230,-12,2,0,200,10,80,20,800,400,20,12,30
578,232,-12,2,0,200,10,80,20,800,400,20,12,30
566,234,-12,2,0,200,10,80,20,800,400,20,12,30
554,236,-12,2,0,200,10,80,20,800,400,20,12,30
542,238,-12,2,0,200,10,80,20,800,400,20,12,30
530,240,-12,2,0,200,10,80,20,800,400,20,12,30
518,242,-12,2,0,200,10,80,20,800,400,20,12,30
506,244,-12,2,0,200,10,80,20,800,400,20,12,30
494,246,-12,2,0,200,10,80,20,800,400,20,12,30
482,248,-12,2,0,200,10,80,20,800,400,20,12,30
470,250,-12,2,0,200,10,80,20,800,400,20,12,30
458,252,-12,2,0,200,10,80,20,800,400,20,12,30
446,254,-12,2,0,200,10,80,20,800,400,20,12,30
434,256,-12,2,0,200,10,80,20,800,400,20,12,30
422,258,-12,2,0,200,10,80,20,800,400,20,12,30
410,260,-12,2,0,200,10,80,20,800,400,20,12,30
398,262,-12,2,0,200,10,80,20,800,400,20,12,30
386,264,-12,2,0,200,10,80,20,800,400,20,12,30
374,266,-12,2,0,200,10,80,20,800,400,20,12,30
362,268,-12,2,0,200,10,80,20,800,400,20,12,30
350,270,-12,2,0,200,10,80,20,800,400,20,12,30
338,272,-12,2,0,200,10,80,20,800,400,20,12,30
326,274,-12,2,0,200,10,80,20,800,400,20,12,30
314,276,-12,2,0,200,10,80,20,800,400,20,12,30
302,278,-12,2,0,200,10,80,20,800,400,20,12,30
290,280,-12,2,0,200,10,80,20,800,400,20,12,30
278,282,-12,2,0,200,10,80,20,800,400,20,12,30
266,284,-12,2,0,200,10,80,20,800,400,20,12,30
254,286,-12,2,0,200,10,80,20,800,400,20,12,30
242,288,-12,2,0,200,10,80,20,800,400,20,12,30
230,290,-12,2,0,200,10,80,20,800,400,20,12,30
218,292,-12,2,0,200,10,80,20,800,400,20,12,30
206,294,-12,2,0,200,10,80,20,800,400,20,12,30
194,296,-12,2,0,200,10,80,20,800,400,20,12,30
182,298,-12,2,0,200,10,80,20,800,400,20,12,30
170,300,-12,2,0,200,10,80,20,800,400,20,12,30
158,302,-12,2,0,200,10,80,20,800,400,20,12,30
146,304,-12,2,0,200,10,80,20,800,400,20,12,30
134,306,-12,2,0,200,10,80,20,800,400,20,12,30
122,308,-12,2,0,200,10,80,20,800,400,20,12,30
110,310,-12,2,0,200,10,80,20,800,400,20,12,30
98,312,-12,2,0,200,10,80,20,800,400,20,12,30
86,314,-12,2,0,200,10,80,20,800,400,20,12,30
74,316,-12,2,0,200,10,80,20,800,400,20,12,30
62,318,-12,2,0,200,10,80,20,800,400,20,12,30
50,320,-12,2,0,200,10,80,20,800,400,20,12,30
38,322,-12,2,0,200,10,80,20,800,400,20,12,30
50,324,12,2,0,200,10,80,20,800,400,20,12,30
62,326,12,2,0,200,10,80,20,800,400,20,12,30
74,328,12,2,0,200,10,80,20,800,400,20,12,30
86,330,12,2,0,200,10,80,20,800,400,20,12,30
98,332,12,2,0,200,10,80,20,800,400,20,12,30
110,334,12,2,0,200,10,80,20,800,400,20,12,30
122,336,12,2,0,200,10,80,20,800,400,20,12,30
134,338,12,2,0,200,10,80,20,800,400,20,12,30
146,340,12,2,0,200,10,80,20,800,400,20,12,30
158,342,12,2,0,200,10,80,20,800,400,20,12,30
170,344,12,2,0,200,10,80,20,800,400,20,12,30
182,346,12,2,0,200,10,80,20,800,400,20,12,30
194,348,12,2,0,200,10,80,20,800,400,20,12,30
206,350,12,2,0,200,10,80,20,800,400,20,12,30
218,352,12,2,0,200,10,80,20,800,400,20,12,30
230,354,12,2,0,200,10,80,20,800,400,20,12,30
242,356,12,2,0,200,10,80,20,800,400,20,12,30
254,358,12,2,0,200,10,80,20,800,400,20,12,30
266,360,12,2,0,200,10,80,20,800,400,20,12,30
278,362,12,2,0,200,10,80,20,800,400,20,12,30
290,364,12,2,0,200,10,80,20,800,400,20,12,30
302,366,12,2,0,200,10,80,20,800,400,20,12,30
314,368,12,2,0,200,10,80,20,800,400,20,12,30
326,370,12,2,0,200,10,80,20,800,400,20,12,30
338,368,12,-2,0,200,10,80,20,800,400,20,12,30
350,366,12,-2,0,200,10,80,20,800,400,20,12,30
362,364,12,-2,0,200,10,80,20,800,400,20,12,30
374,362,12,-2,0,200,10,80,20,800,400,20,12,30
386,360,12,-2,0,200,10,80,20,800,400,20,12,30
398,358,12,-2,0,200,10,80,20,800,400,20,12,30
410,356,12,-2,0,200,10,80,20,800,400,20,12,30
422,354,12,-2,0,200,10,80,20,800,400,20,12,30
434,352,12,-2,0,200,10,80,20,800,400,20,12,30
446,350,12,-2,0,200,10,80,20,800,400,20,12,30
458,348,12,-2,0,200,10,80,20,800,400,20,12,30
470,346,12,-2,0,200,10,80,20,800,400,20,12,30
482,344,12,-2,0,200,10,80,20,800,400,20,12,30
494,342,12,-2,0,200,10,80,20,800,400,20,12,30
506,340,12,-2,0,200,10,80,20,800,400,20,12,30
518,338,12,-2,0,200,10,80,20,800,400,20,12,30
530,336,12,-2,0,200,10,80,20,800,400,20,12,30
542,334,12,-2,0,200,10,80,20,800,400,20,12,30
554,332,12,-2,0,200,10,80,20,800,400,20,12,30
566,330,12,-2,1,200,10,80,20,800,400,20,12,30
578,328,12,-2,0,220,10,80,20,800,400,20,12,30
590,326,12,-2,0,220,10,80,20,800,400,20,12,30
602,324,12,-2,0,220,10,80,20,800,400,20,12,30
614,322,12,-2,0,220,10,80,20,800,400,20,12,30
626,320,12,-2,0,220,10,80,20,800,400,20,12,30
638,318,12,-2,0,220,10,80,20,800,400,20,12,30
650,316,12,-2,1,220,10,80,20,800,400,20,12,30
662,314,12,-2,0,240,10,80,20,800,400,20,12,30
674,312,12,-2,0,240,10,80,20,800,400,20,12,30
686,310,12,-2,0,240,10,80,20,800,400,20,12,30
698,308,12,-2,0,240,10,80,20,800,400,20,12,30
710,306,12,-2,0,240,10,80,20,800,400,20,12,30
722,304,12,-2,1,240,10,80,20,800,400,20,12,30
734,302,12,-2,0,260,10,80,20,800,400,20,12,30
746,300,12,-2,0,260,10,80,20,800,400,20,12,30
758,298,12,-2,0,260,10,80,20,800,400,20,12,30
770,296,12,-2,0,260,10,80,20,800,400,20,12,30
758,294,-12,-2,1,260,10,80,20,800,400,20,12,30
746,292,-12,-2,0,280,10,80,20,800,400,20,12,30
734,290,-12,-2,0,280,10,80,20,800,400,20,12,30
722,288,-12,-2,0,280,10,80,20,800,400,20,12,30
710,286,-12,-2,0,280,10,80,20,800,400,20,12,30
698,284,-12,-2,0,280,10,80,20,800,400,20,12,30
686,282,-12,-2,0,280,10,80,20,800,400,20,12,30
674,280,-12,-2,0,280,10,80,20,800,400,20,12,30
662,278,-12,-2,0,280,10,80,20,800,400,20,12,30
650,276,-12,-2,0,280,10,80,20,800,400,20,12,30
638,274,-12,-2,0,280,10,80,20,800,400,20,12,30
626,272,-12,-2,0,280,10,80,20,800,400,20,12,30
614,270,-12,-2,0,280,10,80,20,800,400,20,12,30
602,268,-12,-2,0,280,10,80,20,800,400,20,12,30
590,266,-12,-2,1,280,10,80,20,800,400,20,12,30
578,264,-12,-2,0,300,10,80,20,800,400,20,12,30
566,262,-12,-2,0,300,10,80,20,800,400,20,12,30
554,260,-12,-2,0,300,10,80,20,800,400,20,12,30
542,258,-12,-2,0,300,10,80,20,800,400,20,12,30
530,256,-12,-2,0,300,10,80,20,800,400,20,12,30
518,254,-12,-2,0,300,10,80,20,800,400,20,12,30
506,252,-12,-2,0,300,10,80,20,800,400,20,12,30
494,250,-12,-2,0,300,10,80,20,800,400,20,12,30
482,248,-12,-2,0,300,10,80,20,800,400,20,12,30
470,246,-12,-2,0,300,10,80,20,800,400,20,12,30
458,244,-12,-2,0,300,10,80,20,800,400,20,12,30
446,242,-12,-2,0,300,10,80,20,800,400,20,12,30
434,240,-12,-2,0,300,10,80,20,800,400,20,12,30
422,238,-12,-2,0,300,10,80,20,800,400,20,12,30
410,236,-12,-2,0,300,10,80,20,800,400,20,12,30
398,234,-12,-2,0,300,10,80,20,800,400,20,12,30
386,232,-12,-2,0,300,10,80,20,800,400,20,12,30
374,230,-12,-2,0,300,10,80,20,800,400,20,12,30
362,228,-12,-2,0,300,10,80,20,800,400,20,12,30
350,226,-12,-2,0,300,10,80,20,800,400,20,12,30
338,224,-12,-2,0,300,10,80,20,800,400,20,12,30
326,222,-12,-2,0,300,10,80,20,800,400,20,12,30
314,220,-12,-2,0,300,10,80,20,800,400,20,12,30
302,218,-12,-2,0,300,10,80,20,800,400,20,12,30
290,216,-12,-2,0,300,10,80,20,800,400,20,12,30
278,214,-12,-2,0,300,10,80,20,800,400,20,12,30
266,212,-12,-2,0,300,10,80,20,800,400,20,12,30
254,210,-12,-2,0,300,10,80,20,800,400,20,12,30
242,208,-12,-2,0,300,10,80,20,800,400,20,12,30
230,206,-12,-2,0,300,10,80,20,800,400,20,12,30
218,204,-12,-2,0,300,10,80,20,800,400,20,12,30
206,202,-12,-2,0,300,10,80,20,800,400,20,12,30
194,200,-12,-2,-1,300,10,80,20,800,400,20,12,30
182,198,-12,-2,0,280,10,80,20,800,400,20,12,30
170,196,-12,-2,0,280,10,80,20,800,400,20,12,30
158,194,-12,-2,0,280,10,80,20,800,400,20,12,30
146,192,-12,-2,0,280,10,80,20,800,400,20,12,30
134,190,-12,-2,0,280,10,80,20,800,400,20,12,30
122,188,-12,-2,0,280,10,80,20,800,400,20,12,30
110,186,-12,-2,0,280,10,80,20,800,400,20,12,30
98,184,-12,-2,0,280,10,80,20,800,400,20,12,30
86,182,-12,-2,0,280,10,80,20,800,400,20,12,30
74,180,-12,-2,0,280,10,80,20,800,400,20,12,30
62,178,-12,-2,0,280,10,80,20,800,400,20,12,30
50,176,-12,-2,-1,280,10,80,20,800,400,20,12,30
38,174,-12,-2,0,260,10,80,20,800,400,20,12,30
50,172,12,-2,0,260,10,80,20,800,400,20,12,30
62,170,12,-2,0,260,10,80,20,800,400,20,12,30
74,168,12,-2,0,260,10,80,20,800,400,20,12,30
86,166,12,-2,0,260,10,80,20,800,400,20,12,30
98,164,12,-2,0,260,10,80,20,800,400,20,12,30
110,162,12,-2,0,260,10,80,20,800,400,20,12,30
122,160,12,-2,0,260,10,80,20,800,400,20,12,30
134,158,12,-2,-1,260,10,80,20,800,400,20,12,30
146,156,12,-2,0,240,10,80,20,800,400,20,12,30
158,154,12,-2,0,240,10,80,20,800,400,20,12,30
170,152,12,-2,0,240,10,80,20,800,400,20,12,30
182,150,12,-2,0,240,10,80,20,800,400,20,12,30
194,148,12,-2,-1,240,10,80,20,800,400,20,12,30
206,146,12,-2,0,220,10,80,20,800,400,20,12,30
218,144,12,-2,0,220,10,80,20,800,400,20,12,30
230,142,12,-2,0,220,10,80,20,800,400,20,12,30
242,140,12,-2,0,220,10,80,20,800,400,20,12,30
254,138,12,-2,0,220,10,80,20,800,400,20,12,30
266,136,12,-2,-1,220,10,80,20,800,400,20,12,30
278,134,12,-2,0,200,10,80,20,800,400,20,12,30
290,132,12,-2,0,200,10,80,20,800,400,20,12,30
302,130,12,-2,0,200,10,80,20,800,400,20,12,30
314,128,12,-2,0,200,10,80,20,800,400,20,12,30
326,126,12,-2,0,200,10,80,20,800,400,20,12,30
338,124,12,-2,-1,200,10,80,20,800,400,20,12,30
350,122,12,-2,0,180,10,80,20,800,400,20,12,30
362,120,12,-2,0,180,10,80,20,800,400,20,12,30
374,118,12,-2,0,180,10,80,20,800,400,20,12,30
386,116,12,-2,0,180,10,80,20,800,400,20,12,30
398,114,12,-2,-1,180,10,80,20,800,400,20,12,30
410,112,12,-2,0,160,10,80,20,800,400,20,12,30
422,110,12,-2,0,160,10,80,20,800,400,20,12,30
434,108,12,-2,0,160,10,80,20,800,400,20,12,30
446,106,12,-2,0,160,10,80,20,800,400,20,12,30
458,104,12,-2,0,160,10,80,20,800,400,20,12,30
470,102,12,-2,-1,160,10,80,20,800,400,20,12,30
482,100,12,-2,0,140,10,80,20,800,400,20,12,30
494,98,12,-2,0,140,10,80,20,800,400,20,12,30
506,96,12,-2,0,140,10,80,20,800,400,20,12,30
518,94,12,-2,0,140,10,80,20,800,400,20,12,30
530,92,12,-2,0,140,10,80,20,800,400,20,12,30
542,90,12,-2,-1,140,10,80,20,800,400,20,12,30
554,88,12,-2,0,120,10,80,20,800,400,20,12,30
566,86,12,-2,0,120,10,80,20,800,400,20,12,30
578,84,12,-2,0,120,10,80,20,800,400,20,12,30
590,82,12,-2,0,120,10,80,20,800,400,20,12,30
602,80,12,-2,-1,120,10,80,20,800,400,20,12,30
614,78,12,-2,0,100,10,80,20,800,400,20,12,30
626,76,12,-2,0,100,10,80,20,800,400,20,12,30
638,74,12,-2,0,100,10,80,20,800,400,20,12,30
650,72,12,-2,0,100,10,80,20,800,400,20,12,30
662,70,12,-2,0,100,10,80,20,800,400,20,12,30
674,68,12,-2,-1,100,10,80,20,800,400,20,12,30
686,66,12,-2,0,80,10,80,20,800,400,20,12,30
698,64,12,-2,0,80,10,80,20,800,400,20,12,30
710,62,12,-2,0,80,10,80,20,800,400,20,12,30
722,60,12,-2,0,80,10,80,20,800,400,20,12,30
734,58,12,-2,0,80,10,80,20,800,400,20,12,30
746,56,12,-2,-1,80,10,80,20,800,400,20,12,30
758,54,12,-2,0,60,10,80,20,800,400,20,12,30
770,52,12,-2,0,60,10,80,20,800,400,20,12,30
758,50,-12,-2,0,60,10,80,20,800,400,20,12,30
746,48,-12,-2,0,60,10,80,20,800,400,20,12,30
734,46,-12,-2,0,60,10,80,20,800,400,20,12,30
722,44,-12,-2,0,60,10,80,20,800,400,20,12,30
710,42,-12,-2,0,60,10,80,20,800,400,20,12,30
698,40,-12,-2,0,60,10,80,20,800,400,20,12,30
686,38,-12,-2,0,60,10,80,20,800,400,20,12,30
674,36,-12,-2,0,60,10,80,20,800,400,20,12,30
662,34,-12,-2,0,60,10,80,20,800,400,20,12,30
650,32,-12,-2,0,60,10,80,20,800,400,20,12,30
638,30,-12,-2,0,60,10,80,20,800,400,20,12,30
626,32,-12,2,0,60,10,80,20,800,400,20,12,30
614,34,-12,2,0,60,10,80,20,800,400,20,12,30
602,36,-12,2,0,60,10,80,20,800,400,20,12,30
590,38,-12,2,0,60,10,80,20,800,400,20,12,30
578,40,-12,2,0,60,10,80,20,800,400,20,12,30
566,42,-12,2,0,60,10,80,20,800,400,20,12,30
554,44,-12,2,1,60,10,80,20,800,400,20,12,30
542,46,-12,2,0,80,10,80,20,800,400,20,12,30
530,48,-12,2,0,80,10,80,20,800,400,20,12,30
518,50,-12,2,0,80,10,80,20,800,400,20,12,30
506,52,-12,2,0,80,10,80,20,800,400,20,12,30
494,54,-12,2,0,80,10,80,20,800,400,20,12,30
482,56,-12,2,0,80,10,80,20,800,400,20,12,30
470,58,-12,2,0,80,10,80,20,800,400,20,12,30
458,60,-12,2,1,80,10,80,20,800,400,20,12,30
446,62,-12,2,0,100,10,80,20,800,400,20,12,30
434,64,-12,2,0,100,10,80,20,800,400,20,12,30
422,66,-12,2,0,100,10,80,20,800,400,20,12,30
410,68,-12,2,0,100,10,80,20,800,400,20,12,30
398,70,-12,2,0,100,10,80,20,800,400,20,12,30
386,72,-12,2,1,100,10,80,20,800,400,20,12,30
374,74,-12,2,0,120,10,80,20,800,400,20,12,30
362,76,-12,2,0,120,10,80,20,800,400,20,12,30
350,78,-12,2,0,120,10,80,20,800,400,20,12,30
338,80,-12,2,0,120,10,80,20,800,400,20,12,30
326,82,-12,2,0,120,10,80,20,800,400,20,12,30
314,84,-12,2,0,120,10,80,20,800,400,20,12,30
302,86,-12,2,1,120,10,80,20,800,400,20,12,30
290,88,-12,2,0,140,10,80,20,800,400,20,12,30
278,90,-12,2,0,140,10,80,20,800,400,20,12,30
266,92,-12,2,0,140,10,80,20,800,400,20,12,30
254,94,-12,2,0,140,10,80,20,800,400,20,12,30
242,96,-12,2,0,140,10,80,20,800,400,20,12,30
230,98,-12,2,0,140,10,80,20,800,400,20,12,30
218,100,-12,2,0,140,10,80,20,800,400,20,12,30
206,102,-12,2,0,140,10,80,20,800,400,20,12,30
194,104,-12,2,0,140,10,80,20,800,400,20,12,30
182,106,-12,2,0,140,10,80,20,800,400,20,12,30
170,108,-12,2,0,140,10,80,20,800,400,20,12,30
158,110,-12,2,0,140,10,80,20,800,400,20,12,30
146,112,-12,2,-1,140,10,80,20,800,400,20,12,30
134,114,-12,2,0,120,10,80,20,800,400,20,12,30
122,116,-12,2,0,120,10,80,20,800,400,20,12,30
110,118,-12,2,0,120,10,80,20,800,400,20,12,30
98,120,-12,2,0,120,10,80,20,800,400,20,12,30
86,122,-12,2,0,120,10,80,20,800,400,20,12,30
74,124,-12,2,0,120,10,80,20,800,400,20,12,30
62,126,-12,2,0,120,10,80,20,800,400,20,12,30
50,128,-12,2,0,120,10,80,20,800,400,20,12,30
38,130,-12,2,0,120,10,80,20,800,400,20,12,30
50,132,12,2,0,120,10,80,20,800,400,20,12,30
62,134,12,2,0,120,10,80,20,800,400,20,12,30
74,136,12,2,0,120,10,80,20,800,400,20,12,30
86,138,12,2,0,120,10,80,20,800,400,20,12,30
98,140,12,2,0,120,10,80,20,800,400,20,12,30
110,142,12,2,0,120,10,80,20,800,400,20,12,30
122,144,12,2,1,120,10,80,20,800,400,20,12,30
134,146,12,2,0,140,10,80,20,800,400,20,12,30
146,148,12,2,0,140,10,80,20,800,400,20,12,30
158,150,12,2,0,140,10,80,20,800,400,20,12,30
170,152,12,2,0,140,10,80,20,800,400,20,12,30
182,154,12,2,0,140,10,80,20,800,400,20,12,30
194,156,12,2,0,140,10,80,20,800,400,20,12,30
206,158,12,2,1,140,10,80,20,800,400,20,12,30
218,160,12,2,0,160,10,80,20,800,400,20,12,30
230,162,12,2,0,160,10,80,20,800,400,20,12,30
242,164,12,2,0,160,10,80,20,800,400,20,12,30
254,166,12,2,0,160,10,80,20,800,400,20,12,30
266,168,12,2,0,160,10,80,20,800,400,20,12,30
278,170,12,2,1,160,10,80,20,800,400,20,12,30
290,172,12,2,0,180,10,80,20,800,400,20,12,30
302,174,12,2,0,180,10,80,20,800,400,20,12,30
314,176,12,2,0,180,10,80,20,800,400,20,12,30
326,178,12,2,0,180,10,80,20,800,400,20,12,30
338,180,12,2,0,180,10,80,20,800,400,20,12,30
350,182,12,2,1,180,10,80,20,800,400,20,12,30
362,184,12,2,0,200,10,80,20,800,400,20,12,30
374,186,12,2,0,200,10,80,20,800,400,20,12,30
386,188,12,2,0,200,10,80,20,800,400,20,12,30
398,190,12,2,0,200,10,80,20,800,400,20,12,30
410,192,12,2,0,200,10,80,20,800,400,20,12,30
422,194,12,2,1,200,10,80,20,800,400,20,12,30
434,196,12,2,0,220,10,80,20,800,400,20,12,30
446,198,12,2,0,220,10,80,20,800,400,20,12,30
458,200,12,2,0,220,10,80,20,800,400,20,12,30
470,202,12,2,0,220,10,80,20,800,400,20,12,30
482,204,12,2,1,220,10,80,20,800,400,20,12,30
494,206,12,2,0,240,10,80,20,800,400,20,12,30
506,208,12,2,0,240,10,80,20,800,400,20,12,30
518,210,12,2,0,240,10,80,20,800,400,20,12,30
530,212,12,2,0,240,10,80,20,800,400,20,12,30
542,214,12,2,0,240,10,80,20,800,400,20,12,30
554,216,12,2,0,240,10,80,20,800,400,20,12,30
566,218,12,2,1,240,10,80,20,800,400,20,12,30
578,220,12,2,0,260,10,80,20,800,400,20,12,30
590,222,12,2,0,260,10,80,20,800,400,20,12,30
602,224,12,2,0,260,10,80,20,800,400,20,12,30
614,226,12,2,0,260,10,80,20,800,400,20,12,30
626,228,12,2,1,260,10,80,20,800,400,20,12,30
638,230,12,2,0,280,10,80,20,800,400,20,12,30
650,232,12,2,0,280,10,80,20,800,400,20,12,30
662,234,12,2,0,280,10,80,20,800,400,20,12,30
674,236,12,2,0,280,10,80,20,800,400,20,12,30
686,238,12,2,0,280,10,80,20,800,400,20,12,30
698,240,12,2,0,280,10,80,20,800,400,20,12,30
710,242,12,2,0,280,10,80,20,800,400,20,12,30
722,244,12,2,0,280,10,80,20,800,400,20,12,30
734,246,12,2,0,280,10,80,20,800,400,20,12,30
746,248,12,2,0,280,10,80,20,800,400,20,12,30
758,250,12,2,0,280,10,80,20,800,400,20,12,30
770,252,12,2,0,280,10,80,20,800,400,20,12,30
758,254,-12,2,0,280,10,80,20,800,400,20,12,30
746,256,-12,2,0,280,10,80,20,800,400,20,12,30
734,258,-12,2,0,280,10,80,20,800,400,20,12,30
722,260,-12,2,0,280,10,80,20,800,400,20,12,30
710,262,-12,2,0,280,10,80,20,800,400,20,12,30
698,264,-12,2,0,280,10,80,20,800,400,20,12,30
686,266,-12,2,0,280,10,80,20,800,400,20,12,30
674,268,-12,2,0,280,10,80,20,800,400,20,12,30
662,270,-12,2,0,280,10,80,20,800,400,20,12,30
650,272,-12,2,0,280,10,80,20,800,400,20,12,30
638,274,-12,2,0,280,10,80,20,800,400,20,12,30
626,276,-12,2,0,280,10,80,20,800,400,20,12,30
614,278,-12,2,0,280,10,80,20,800,400,20,12,30
602,280,-12,2,0,280,10,80,20,800,400,20,12,30
590,282,-12,2,-1,280,10,80,20,800,400,20,12,30
578,284,-12,2,0,260,10,80,20,800,400,20,12,30
566,286,-12,2,0,260,10,80,20,800,400,20,12,30
554,288,-12,2,0,260,10,80,20,800,400,20,12,30
542,290,-12,2,0,260,10,80,20,800,400,20,12,30
530,292,-12,2,0,260,10,80,20,800,400,20,12,30
518,294,-12,2,0,260,10,80,20,800,400,20,12,30
506,296,-12,2,0,260,10,80,20,800,400,20,12,30
494,298,-12,2,0,260,10,80,20,800,400,20,12,30
482,300,-12,2,0,260,10,80,20,800,400,20,12,30
470,302,-12,2,0,260,10,80,20,800,400,20,12,30
458,304,-12,2,0,260,10,80,20,800,400,20,12,30
446,306,-12,2,0,260,10,80,20,800,400,20,12,30
434,308,-12,2,0,260,10,80,20,800,400,20,12,30
422,310,-12,2,0,260,10,80,20,800,400,20,12,30
410,312,-12,2,0,260,10,80,20,800,400,20,12,30
398,314,-12,2,0,260,10,80,20,800,400,20,12,30
386,316,-12,2,0,260,10,80,20,800,400,20,12,30
374,318,-12,2,0,260,10,80,20,800,400,20,12,30
362,320,-12,2,0,260,10,80,20,800,400,20,12,30
350,322,-12,2,0,260,10,80,20,800,400,20,12,30
338,324,-12,2,0,260,10,80,20,800,400,20,12,30
326,326,-12,2,0,260,10,80,20,800,400,20,12,30
314,328,-12,2,0,260,10,80,20,800,400,20,12,30
302,330,-12,2,0,260,10,80,20,800,400,20,12,30
290,332,-12,2,0,260,10,80,20,800,400,20,12,30
278,334,-12,2,0,260,10,80,20,800,400,20,12,30
266,336,-12,2,0,260,10,80,20,800,400,20,12,30
254,338,-12,2,0,260,10,80,20,800,400,20,12,30
242,340,-12,2,0,260,10,80,20,800,400,20,12,30
230,342,-12,2,0,260,10,80,20,800,400,20,12,30
218,344,-12,2,0,260,10,80,20,800,400,20,12,30
206,346,-12,2,0,260,10,80,20,800,400,20,12,30
194,348,-12,2,0,260,10,80,20,800,400,20,12,30
182,350,-12,2,0,260,10,80,20,800,400,20,12,30
170,352,-12,2,0,260,10,80,20,800,400,20,12,30
158,354,-12,2,0,260,10,80,20,800,400,20,12,30
146,356,-12,2,0,260,10,80,20,800,400,20,12,30
134,358,-12,2,0,260,10,80,20,800,400,20,12,30
122,360,-12,2,0,260,10,80,20,800,400,20,12,30
110,362,-12,2,0,260,10,80,20,800,400,20,12,30
98,364,-12,2,0,260,10,80,20,800,400,20,12,30
86,366,-12,2,0,260,10,80,20,800,400,20,12,30
74,368,-12,2,0,260,10,80,20,800,400,20,12,30
62,370,-12,2,0,260,10,80,20,800,400,20,12,30
50,368,-12,-2,0,260,10,80,20,800,400,20,12,30
38,366,-12,-2,0,260,10,80,20,800,400,20,12,30
50,364,12,-2,0,260,10,80,20,800,400,20,12,30
62,362,12,-2,0,260,10,80,20,800,400,20,12,30
74,360,12,-2,0,260,10,80,20,800,400,20,12,30
86,358,12,-2,0,260,10,80,20,800,400,20,12,30
98,356,12,-2,0,260,10,80,20,800,400,20,12,30
110,354,12,-2,0,260,10,80,20,800,400,20,12,30
122,352,12,-2,0,260,10,80,20,800,400,20,12,30
134,350,12,-2,0,260,10,80,20,800,400,20,12,30
146,348,12,-2,0,260,10,80,20,800,400,20,12,30
158,346,12,-2,0,260,10,80,20,800,400,20,12,30
170,344,12,-2,-1,260,10,80,20,800,400,20,12,30
182,342,12,-2,0,240,10,80,20,800,400,20,12,30
194,340,12,-2,0,240,10,80,20,800,400,20,12,30
206,338,12,-2,0,240,10,80,20,800,400,20,12,30
218,336,12,-2,0,240,10,80,20,800,400,20,12,30
230,334,12,-2,0,240,10,80,20,800,400,20,12,30
242,332,12,-2,0,240,10,80,20,800,400,20,12,30
254,330,12,-2,0,240,10,80,20,800,400,20,12,30
266,328,12,-2,0,240,10,80,20,800,400,20,12,30
278,326,12,-2,0,240,10,80,20,800,400,20,12,30
290,324,12,-2,0,240,10,80,20,800,400,20,12,30
302,322,12,-2,0,240,10,80,20,800,400,20,12,30
314,320,12,-2,0,240,10,80,20,800,400,20,12,30
326,318,12,-2,0,240,10,80,20,800,400,20,12,30
338,316,12,-2,0,240,10,80,20,800,400,20,12,30
350,314,12,-2,0,240,10,80,20,800,400,20,12,30
362,312,12,-2,1,240,10,80,20,800,400,20,12,30
374,310,12,-2,0,260,10,80,20,800,400,20,12,30
386,308,12,-2,0,260,10,80,20,800,400,20,12,30
398,306,12,-2,0,260,10,80,20,800,400,20,12,30
410,304,12,-2,0,260,10,80,20,800,400,20,12,30
422,302,12,-2,0,260,10,80,20,800,400,20,12,30
434,300,12,-2,0,260,10,80,20,800,400,20,12,30
446,298,12,-2,0,260,10,80,20,800,400,20,12,30
458,296,12,-2,0,260,10,80,20,800,400,20,12,30
470,294,12,-2,0,260,10,80,20,800,400,20,12,30
482,292,12,-2,0,260,10,80,20,800,400,20,12,30
494,290,12,-2,0,260,10,80,20,800,400,20,12,30
506,288,12,-2,0,260,10,80,20,800,400,20,12,30
518,286,12,-2,0,260,10,80,20,800,400,20,12,30
530,284,12,-2,0,260,10,80,20,800,400,20,12,30
542,282,12,-2,0,260,10,80,20,800,400,20,12,30
554,280,12,-2,-1,260,10,80,20,800,400,20,12,30
566,278,12,-2,0,240,10,80,20,800,400,20,12,30
578,276,12,-2,0,240,10,80,20,800,400,20,12,30
590,274,12,-2,0,240,10,80,20,800,400,20,12,30
602,272,12,-2,0,240,10,80,20,800,400,20,12,30
614,270,12,-2,0,240,10,80,20,800,400,20,12,30
626,268,12,-2,0,240,10,80,20,800,400,20,12,30
638,266,12,-2,0,240,10,80,20,800,400,20,12,30
650,264,12,-2,0,240,10,80,20,800,400,20,12,30
662,262,12,-2,0,240,10,80,20,800,400,20,12,30
674,260,12,-2,0,240,10,80,20,800,400,20,12,30
686,258,12,-2,0,240,10,80,20,800,400,20,12,30
698,256,12,-2,0,240,10,80,20,800,400,20,12,30
710,254,12,-2,0,240,10,80,20,800,400,20,12,30
722,252,12,-2,0,240,10,80,20,800,400,20,12,30
734,250,12,-2,0,240,10,80,20,800,400,20,12,30
746,248,12,-2,0,240,10,80,20,800,400,20,12,30
758,246,12,-2,0,240,10,80,20,800,400,20,12,30
770,244,12,-2,0,240,10,80,20,800,400,20,12,30
758,242,-12,-2,0,240,10,80,20,800,400,20,12,30
746,240,-12,-2,0,240,10,80,20,800,400,20,12,30
734,238,-12,-2,0,240,10,80,20,800,400,20,12,30
722,236,-12,-2,0,240,10,80,20,800,400,20,12,30
710,234,-12,-2,0,240,10,80,20,800,400,20,12,30
698,232,-12,-2,0,240,10,80,20,800,400,20,12,30
686,230,-12,-2,0,240,10,80,20,800,400,20,12,30
674,228,-12,-2,0,240,10,80,20,800,400,20,12,30
662,226,-12,-2,0,240,10,80,20,800,400,20,12,30
650,224,-12,-2,0,240,10,80,20,800,400,20,12,30
638,222,-12,-2,0,240,10,80,20,800,400,20,12,30
626,220,-12,-2,0,240,10,80,20,800,400,20,12,30
614,218,-12,-2,0,240,10,80,20,800,400,20,12,30
602,216,-12,-2,0,240,10,80,20,800,400,20,12,30
590,214,-12,-2,0,240,10,80,20,800,400,20,12,30
578,212,-12,-2,0,240,10,80,20,800,400,20,12,30
566,210,-12,-2,0,240,10,80,20,800,400,20,12,30
554,208,-12,-2,0,240,10,80,20,800,400,20,12,30
542,206,-12,-2,0,240,10,80,20,800,400,20,12,30
530,204,-12,-2,0,240,10,80,20,800,400,20,12,30
518,202,-12,-2,0,240,10,80,20,800,400,20,12,30
506,200,-12,-2,0,240,10,80,20,800,400,20,12,30
494,198,-12,-2,0,240,10,80,20,800,400,20,12,30
482,196,-12,-2,0,240,10,80,20,800,400,20,12,30
470,194,-12,-2,0,240,10,80,20,800,400,20,12,30
458,192,-12,-2,0,240,10,80,20,800,400,20,12,30
446,190,-12,-2,0,240,10,80,20,800,400,20,12,30
434,188,-12,-2,0,240,10,80,20,800,400,20,12,30
422,186,-12,-2,0,240,10,80,20,800,400,20,12,30
410,184,-12,-2,0,240,10,80,20,800,400,20,12,30
398,182,-12,-2,0,240,10,80,20,800,400,20,12,30
386,180,-12,-2,0,240,10,80,20,800,400,20,12,30
374,178,-12,-2,0,240,10,80,20,800,400,20,12,30
362,176,-12,-2,0,240,10,80,20,800,400,20,12,30
350,174,-12,-2,0,240,10,80,20,800,400,20,12,30
338,172,-12,-2,0,240,10,80,20,800,400,20,12,30
326,170,-12,-2,0,240,10,80,20,800,400,20,12,30
314,168,-12,-2,0,240,10,80,20,800,400,20,12,30
302,166,-12,-2,0,240,10,80,20,800,400,20,12,30
290,164,-12,-2,0,240,10,80,20,800,400,20,12,30
278,162,-12,-2,0,240,10,80,20,800,400,20,12,30
266,160,-12,-2,0,240,10,80,20,800,400,20,12,30
254,158,-12,-2,0,240,10,80,20,800,400,20,12,30
242,156,-12,-2,0,240,10,80,20,800,400,20,12,30
230,154,-12,-2,0,240,10,80,20,800,400,20,12,30
218,152,-12,-2,0,240,10,80,20,800,400,20,12,30
206,150,-12,-2,0,240,10,80,20,800,400,20,12,30
194,148,-12,-2,0,240,10,80,20,800,400,20,12,30
182,146,-12,-2,0,240,10,80,20,800,400,20,12,30
170,144,-12,-2,0,240,10,80,20,800,400,20,12,30
158,142,-12,-2,0,240,10,80,20,800,400,20,12,30
146,140,-12,-2,0,240,10,80,20,800,400,20,12,30
134,138,-12,-2,0,240,10,80,20,800,400,20,12,30
122,136,-12,-2,0,240,10,80,20,800,400,20,12,30
110,134,-12,-2,0,240,10,80,20,800,400,20,12,30
98,132,-12,-2,0,240,10,80,20,800,400,20,12,30
86,130,-12,-2,0,240,10,80,20,800,400,20,12,30
74,128,-12,-2,0,240,10,80,20,800,400,20,12,30
62,126,-12,-2,0,240,10,80,20,800,400,20,12,30
50,124,-12,-2,0,240,10,80,20,800,400,20,12,30
38,122,-12,-2,0,240,10,80,20,800,400,20,12,30
50,120,12,-2,0,240,10,80,20,800,400,20,12,30
62,118,12,-2,0,240,10,80,20,800,400,20,12,30
74,116,12,-2,0,240,10,80,20,800,400,20,12,30
86,114,12,-2,0,240,10,80,20,800,400,20,12,30
98,112,12,-2,-1,240,10,80,20,800,400,20,12,30
110,110,12,-2,0,220,10,80,20,800,400,20,12,30
122,108,12,-2,0,220,10,80,20,800,400,20,12,30
134,106,12,-2,0,220,10,80,20,800,400,20,12,30
146,104,12,-2,0,220,10,80,20,800,400,20,12,30
158,102,12,-2,0,220,10,80,20,800,400,20,12,30
170,100,12,-2,0,220,10,80,20,800,400,20,12,30
182,98,12,-2,-1,220,10,80,20,800,400,20,12,30
194,96,12,-2,0,200,10,80,20,800,400,20,12,30
206,94,12,-2,0,200,10,80,20,800,400,20,12,30
218,92,12,-2,0,200,10,80,20,800,400,20,12,30
230,90,12,-2,0,200,10,80,20,800,400,20,12,30
242,88,12,-2,0,200,10,80,20,800,400,20,12,30
254,86,12,-2,-1,200,10,80,20,800,400,20,12,30
266,84,12,-2,0,180,10,80,20,800,400,20,12,30
278,82,12,-2,0,180,10,80,20,800,400,20,12,30
290,80,12,-2,0,180,10,80,20,800,400,20,12,30
302,78,12,-2,0,180,10,80,20,800,400,20,12,30
314,76,12,-2,0,180,10,80,20,800,400,20,12,30
326,74,12,-2,-1,180,10,80,20,800,400,20,12,30
338,72,12,-2,0,160,10,80,20,800,400,20,12,30
350,70,12,-2,0,160,10,80,20,800,400,20,12,30
362,68,12,-2,0,160,10,80,20,800,400,20,12,30
374,66,12,-2,0,160,10,80,20,800,400,20,12,30
386,64,12,-2,-1,160,10,80,20,800,400,20,12,30
398,62,12,-2,0,140,10,80,20,800,400,20,12,30
410,60,12,-2,0,140,10,80,20,800,400,20,12,30
422,58,12,-2,0,140,10,80,20,800,400,20,12,30
434,56,12,-2,0,140,10,80,20,800,400,20,12,30
446,54,12,-2,0,140,10,80,20,800,400,20,12,30
458,52,12,-2,-1,140,10,80,20,800,400,20,12,30
470,50,12,-2,0,120,10,80,20,800,400,20,12,30
482,48,12,-2,0,120,10,80,20,800,400,20,12,30
494,46,12,-2,0,120,10,80,20,800,400,20,12,30
506,44,12,-2,0,120,10,80,20,800,400,20,12,30
518,42,12,-2,-1,120,10,80,20,800,400,20,12,30
530,40,12,-2,0,100,10,80,20,800,400,20,12,30
542,38,12,-2,0,100,10,80,20,800,400,20,12,30
554,36,12,-2,0,100,10,80,20,800,400,20,12,30
566,34,12,-2,0,100,10,80,20,800,400,20,12,30
578,32,12,-2,0,100,10,80,20,800,400,20,12,30
590,30,12,-2,0,100,10,80,20,800,400,20,12,30
602,32,12,2,-1,100,10,80,20,800,400,20,12,30
614,34,12,2,0,80,10,80,20,800,400,20,12,30
626,36,12,2,0,80,10,80,20,800,400,20,12,30
638,38,12,2,0,80,10,80,20,800,400,20,12,30
650,40,12,2,0,80,10,80,20,800,400,20,12,30
662,42,12,2,0,80,10,80,20,800,400,20,12,30
674,44,12,2,-1,80,10,80,20,800,400,20,12,30
686,46,12,2,0,60,10,80,20,800,400,20,12,30
698,48,12,2,0,60,10,80,20,800,400,20,12,30
710,50,12,2,0,60,10,80,20,800,400,20,12,30
722,52,12,2,0,60,10,80,20,800,400,20,12,30
734,54,12,2,0,60,10,80,20,800,400,20,12,30
746,56,12,2,0,60,10,80,20,800,400,20,12,30
758,58,12,2,0,60,10,80,20,800,400,20,12,30
770,60,12,2,0,60,10,80,20,800,400,20,12,30
758,62,-12,2,0,60,10,80,20,800,400,20,12,30
746,64,-12,2,0,60,10,80,20,800,400,20,12,30
734,66,-12,2,0,60,10,80,20,800,400,20,12,30
722,68,-12,2,0,60,10,80,20,800,400,20,12,30
710,70,-12,2,0,60,10,80,20,800,400,20,12,30
698,72,-12,2,0,60,10,80,20,800,400,20,12,30
686,74,-12,2,0,60,10,80,20,800,400,20,12,30
674,76,-12,2,0,60,10,80,20,800,400,20,12,30
662,78,-12,2,0,60,10,80,20,800,400,20,12,30
650,80,-12,2,0,60,10,80,20,800,400,20,12,30
638,82,-12,2,0,60,10,80,20,800,400,20,12,30
626,84,-12,2,0,60,10,80,20,800,400,20,12,30
614,86,-12,2,0,60,10,80,20,800,400,20,12,30
602,88,-12,2,0,60,10,80,20,800,400,20,12,30
590,90,-12,2,0,60,10,80,20,800,400,20,12,30
578,92,-12,2,0,60,10,80,20,800,400,20,12,30
566,94,-12,2,0,60,10,80,20,800,400,20,12,30
554,96,-12,2,0,60,10,80,20,800,400,20,12,30
542,98,-12,2,0,60,10,80,20,800,400,20,12,30
530,100,-12,2,0,60,10,80,20,800,400,20,12,30
518,102,-12,2,0,60,10,80,20,800,400,20,12,30
506,104,-12,2,0,60,10,80,20,800,400,20,12,30
494,106,-12,2,0,60,10,80,20,800,400,20,12,30
482,108,-12,2,0,60,10,80,20,800,400,20,12,30
470,110,-12,2,0,60,10,80,20,800,400,20,12,30
458,112,-12,2,0,60,10,80,20,800,400,20,12,30
446,114,-12,2,0,60,10,80,20,800,400,20,12,30
434,116,-12,2,0,60,10,80,20,800,400,20,12,30
422,118,-12,2,0,60,10,80,20,800,400,20,12,30
410,120,-12,2,0,60,10,80,20,800,400,20,12,30
398,122,-12,2,0,60,10,80,20,800,400,20,12,30
386,124,-12,2,0,60,10,80,20,800,400,20,12,30
374,126,-12,2,0,60,10,80,20,800,400,20,12,30
362,128,-12,2,0,60,10,80,20,800,400,20,12,30
350,130,-12,2,0,60,10,80,20,800,400,20,12,30
338,132,-12,2,0,60,10,80,20,800,400,20,12,30
326,134,-12,2,1,60,10,80,20,800,400,20,12,30
314,136,-12,2,0,80,10,80,20,800,400,20,12,30
302,138,-12,2,0,80,10,80,20,800,400,20,12,30
290,140,-12,2,0,80,10,80,20,800,400,20,12,30
278,142,-12,2,0,80,10,80,20,800,400,20,12,30
266,144,-12,2,0,80,10,80,20,800,400,20,12,30
254,146,-12,2,0,80,10,80,20,800,400,20,12,30
242,148,-12,2,0,80,10,80,20,800,400,20,12,30
230,150,-12,2,1,80,10,80,20,800,400,20,12,30
218,152,-12,2,0,100,10,80,20,800,400,20,12,30
206,154,-12,2,0,100,10,80,20,800,400,20,12,30
194,156,-12,2,0,100,10,80,20,800,400,20,12,30
182,158,-12,2,0,100,10,80,20,800,400,20,12,30
170,160,-12,2,0,100,10,80,20,800,400,20,12,30
158,162,-12,2,1,100,10,80,20,800,400,20,12,30
146,164,-12,2,0,120,10,80,20,800,400,20,12,30
134,166,-12,2,0,120,10,80,20,800,400,20,12,30
122,168,-12,2,0,120,10,80,20,800,400,20,12,30
110,170,-12,2,0,120,10,80,20,800,400,20,12,30
98,172,-12,2,0,120,10,80,20,800,400,20,12,30
86,174,-12,2,0,120,10,80,20,800,400,20,12,30
74,176,-12,2,0,120,10,80,20,800,400,20,12,30
62,178,-12,2,0,120,10,80,20,800,400,20,12,30
50,180,-12,2,1,120,10,80,20,800,400,20,12,30
38,182,-12,2,0,140,10,80,20,800,400,20,12,30
50,184,12,2,0,140,10,80,20,800,400,20,12,30
62,186,12,2,0,140,10,80,20,800,400,20,12,30
74,188,12,2,0,140,10,80,20,800,400,20,12,30
86,190,12,2,0,140,10,80,20,800,400,20,12,30
98,192,12,2,0,140,10,80,20,800,400,20,12,30
110,194,12,2,1,140,10,80,20,800,400,20,12,30
122,196,12,2,0,160,10,80,20,800,400,20,12,30
134,198,12,2,0,160,10,80,20,800,400,20,12,30
146,200,12,2,0,160,10,80,20,800,400,20,12,30
158,202,12,2,0,160,10,80,20,800,400,20,12,30
170,204,12,2,0,160,10,80,20,800,400,20,12,30
182,206,12,2,1,160,10,80,20,800,400,20,12,30
194,208,12,2,0,180,10,80,20,800,400,20,12,30
206,210,12,2,0,180,10,80,20,800,400,20,12,30
218,212,12,2,0,180,10,80,20,800,400,20,12,30
230,214,12,2,0,180,10,80,20,800,400,20,12,30
242,216,12,2,1,180,10,80,20,800,400,20,12,30
254,218,12,2,0,200,10,80,20,800,400,20,12,30
266,220,12,2,0,200,10,80,20,800,400,20,12,30
278,222,12,2,0,200,10,80,20,800,400,20,12,30
290,224,12,2,0,200,10,80,20,800,400,20,12,30
302,226,12,2,0,200,10,80,20,800,400,20,12,30
314,228,12,2,1,200,10,80,20,800,400,20,12,30
326,230,12,2,0,220,10,80,20,800,400,20,12,30
338,232,12,2,0,220,10,80,20,800,400,20,12,30
350,234,12,2,0,220,10,80,20,800,400,20,12,30
362,236,12,2,0,220,10,80,20,800,400,20,12,30
374,238,12,2,0,220,10,80,20,800,400,20,12,30
386,240,12,2,1,220,10,80,20,800,400,20,12,30
398,242,12,2,0,240,10,80,20,800,400,20,12,30
410,244,12,2,0,240,10,80,20,800,400,20,12,30
422,246,12,2,0,240,10,80,20,800,400,20,12,30
434,248,12,2,0,240,10,80,20,800,400,20,12,30
446,250,12,2,1,240,10,80,20,800,400,20,12,30
458,252,12,2,0,260,10,80,20,800,400,20,12,30
470,254,12,2,0,260,10,80,20,800,400,20,12,30
482,256,12,2,0,260,10,80,20,800,400,20,12,30
494,258,12,2,0,260,10,80,20,800,400,20,12,30
506,260,12,2,0,260,10,80,20,800,400,20,12,30
518,262,12,2,0,260,10,80,20,800,400,20,12,30
530,264,12,2,1,260,10,80,20,800,400,20,12,30
542,266,12,2,0,280,10,80,20,800,400,20,12,30
554,268,12,2,0,280,10,80,20,800,400,20,12,30
566,270,12,2,0,280,10,80,20,800,400,20,12,30
578,272,12,2,0,280,10,80,20,800,400,20,12,30
590,274,12,2,0,280,10,80,20,800,400,20,12,30
602,276,12,2,1,280,10,80,20,800,400,20,12,30
614,278,12,2,0,300,10,80,20,800,400,20,12,30
626,280,12,2,0,300,10,80,20,800,400,20,12,30
638,282,12,2,0,300,10,80,20,800,400,20,12,30
650,284,12,2,0,300,10,80,20,800,400,20,12,30
662,286,12,2,0,300,10,80,20,800,400,20,12,30
674,288,12,2,0,300,10,80,20,800,400,20,12,30
686,290,12,2,0,300,10,80,20,800,400,20,12,30
698,292,12,2,0,300,10,80,20,800,400,20,12,30
710,294,12,2,0,300,10,80,20,800,400,20,12,30
722,296,12,2,0,300,10,80,20,800,400,20,12,30
734,298,12,2,0,300,10,80,20,800,400,20,12,30
746,300,12,2,0,300,10,80,20,800,400,20,12,30
758,302,12,2,0,300,10,80,20,800,400,20,12,30
770,304,12,2,0,300,10,80,20,800,400,20,12,30
758,306,-12,2,0,300,10,80,20,800,400,20,12,30
746,308,-12,2,0,300,10,80,20,800,400,20,12,30
734,310,-12,2,0,300,10,80,20,800,400,20,12,30
722,312,-12,2,0,300,10,80,20,800,400,20,12,30
710,314,-12,2,0,300,10,80,20,800,400,20,12,30
698,316,-12,2,0,300,10,80,20,800,400,20,12,30
686,318,-12,2,0,300,10,80,20,800,400,20,12,30
674,320,-12,2,0,300,10,80,20,800,400,20,12,30
662,322,-12,2,0,300,10,80,20,800,400,20,12,30
650,324,-12,2,0,300,10,80,20,800,400,20,12,30
638,326,-12,2,0,300,10,80,20,800,400,20,12,30
626,328,-12,2,0,300,10,80,20,800,400,20,12,30
614,330,-12,2,0,300,10,80,20,800,400,20,12,30
602,332,-12,2,0,300,10,80,20,800,400,20,12,30
590,334,-12,2,0,300,10,80,20,800,400,20,12,30
578,336,-12,2,0,300,10,80,20,800,400,20,12,30
566,338,-12,2,0,300,10,80,20,800,400,20,12,30
554,340,-12,2,0,300,10,80,20,800,400,20,12,30
542,342,-12,2,0,300,10,80,20,800,400,20,12,30
530,344,-12,2,0,300,10,80,20,800,400,20,12,30
518,346,-12,2,0,300,10,80,20,800,400,20,12,30
506,348,-12,2,0,300,10,80,20,800,400,20,12,30
494,350,-12,2,0,300,10,80,20,800,400,20,12,30
482,352,-12,2,0,300,10,80,20,800,400,20,12,30
470,354,-12,2,0,300,10,80,20,800,400,20,12,30
458,356,-12,2,0,300,10,80,20,800,400,20,12,30
446,358,-12,2,0,300,10,80,20,800,400,20,12,30
434,360,-12,2,0,300,10,80,20,800,400,20,12,30
422,362,-12,2,0,300,10,80,20,800,400,20,12,30
410,364,-12,2,0,300,10,80,20,800,400,20,12,30
398,366,-12,2,0,300,10,80,20,800,400,20,12,30
386,368,-12,2,0,300,10,80,20,800,400,20,12,30
374,370,-12,2,0,300,10,80,20,800,400,20,12,30
362,368,-12,-2,0,300,10,80,20,800,400,20,12,30
350,366,-12,-2,0,300,10,80,20,800,400,20,12,30
338,364,-12,-2,0,300,10,80,20,800,400,20,12,30
326,362,-12,-2,0,300,10,80,20,800,400,20,12,30
314,360,-12,-2,0,300,10,80,20,800,400,20,12,30
302,358,-12,-2,0,300,10,80,20,800,400,20,12,30
290,356,-12,-2,0,300,10,80,20,800,400,20,12,30
278,354,-12,-2,0,300,10,80,20,800,400,20,12,30
266,352,-12,-2,0,300,10,80,20,800,400,20,12,30
254,350,-12,-2,0,300,10,80,20,800,400,20,12,30
242,348,-12,-2,0,300,10,80,20,800,400,20,12,30
230,346,-12,-2,0,300,10,80,20,800,400,20,12,30
218,344,-12,-2,0,300,10,80,20,800,400,20,12,30
206,342,-12,-2,-1,300,10,80,20,800,400,20,12,30
194,340,-12,-2,0,280,10,80,20,800,400,20,12,30
182,338,-12,-2,0,280,10,80,20,800,400,20,12,30
170,336,-12,-2,0,280,10,80,20,800,400,20,12,30
158,334,-12,-2,0,280,10,80,20,800,400,20,12,30
146,332,-12,-2,0,280,10,80,20,800,400,20,12,30
134,330,-12,-2,0,280,10,80,20,800,400,20,12,30
122,328,-12,-2,0,280,10,80,20,800,400,20,12,30
110,326,-12,-2,0,280,10,80,20,800,400,20,12,30
98,324,-12,-2,0,280,10,80,20,800,400,20,12,30
86,322,-12,-2,0,280,10,80,20,800,400,20,12,30
74,320,-12,-2,0,280,10,80,20,800,400,20,12,30
62,318,-12,-2,0,280,10,80,20,800,400,20,12,30
50,316,-12,-2,0,280,10,80,20,800,400,20,12,30
38,314,-12,-2,0,280,10,80,20,800,400,20,12,30
50,312,12,-2,0,280,10,80,20,800,400,20,12,30
62,310,12,-2,0,280,10,80,20,800,400,20,12,30
74,308,12,-2,0,280,10,80,20,800,400,20,12,30
86,306,12,-2,0,280,10,80,20,800,400,20,12,30
98,304,12,-2,0,280,10,80,20,800,400,20,12,30
110,302,12,-2,0,280,10,80,20,800,400,20,12,30
122,300,12,-2,0,280,10,80,20,800,400,20,12,30
134,298,12,-2,0,280,10,80,20,800,400,20,12,30
146,296,12,-2,0,280,10,80,20,800,400,20,12,30
158,294,12,-2,0,280,10,80,20,800,400,20,12,30
170,292,12,-2,0,280,10,80,20,800,400,20,12,30
182,290,12,-2,0,280,10,80,20,800,400,20,12,30
194,288,12,-2,0,280,10,80,20,800,400,20,12,30
206,286,12,-2,0,280,10,80,20,800,400,20,12,30
218,284,12,-2,0,280,10,80,20,800,400,20,12,30
230,282,12,-2,0,280,10,80,20,800,400,20,12,30
242,280,12,-2,0,280,10,80,20,800,400,20,12,30
254,278,12,-2,0,280,10,80,20,800,400,20,12,30
266,276,12,-2,0,280,10,80,20,800,400,20,12,30
278,274,12,-2,0,280,10,80,20,800,400,20,12,30
290,272,12,-2,0,280,10,80,20,800,400,20,12,30
302,270,12,-2,-1,280,10,80,20,800,400,20,12,30
314,268,12,-2,0,260,10,80,20,800,400,20,12,30
326,266,12,-2,0,260,10,80,20,800,400,20,12,30
338,264,12,-2,0,260,10,80,20,800,400,20,12,30
350,262,12,-2,0,260,10,80,20,800,400,20,12,30
362,260,12,-2,0,260,10,80,20,800,400,20,12,30
374,258,12,-2,0,260,10,80,20,800,400,20,12,30
386,256,12,-2,0,260,10,80,20,800,400,20,12,30
398,254,12,-2,0,260,10,80,20,800,400,20,12,30
410,252,12,-2,0,260,10,80,20,800,400,20,12,30
422,250,12,-2,0,260,10,80,20,800,400,20,12,30
434,248,12,-2,0,260,10,80,20,800,400,20,12,30
446,246,12,-2,0,260,10,80,20,800,400,20,12,30
458,244,12,-2,0,260,10,80,20,800,400,20,12,30
470,242,12,-2,0,260,10,80,20,800,400,20,12,30
482,240,12,-2,0,260,10,80,20,800,400,20,12,30
494,238,12,-2,0,260,10,80,20,800,400,20,12,30
506,236,12,-2,0,260,10,80,20,800,400,20,12,30
518,234,12,-2,0,260,10,80,20,800,400,20,12,30
530,232,12,-2,0,260,10,80,20,800,400,20,12,30
542,230,12,-2,0,260,10,80,20,800,400,20,12,30
554,228,12,-2,-1,260,10,80,20,800,400,20,12,30
566,226,12,-2,0,240,10,80,20,800,400,20,12,30
578,224,12,-2,0,240,10,80,20,800,400,20,12,30
590,222,12,-2,0,240,10,80,20,800,400,20,12,30
602,220,12,-2,0,240,10,80,20,800,400,20,12,30
614,218,12,-2,0,240,10,80,20,800,400,20,12,30
626,216,12,-2,0,240,10,80,20,800,400,20,12,30
638,214,12,-2,0,240,10,80,20,800,400,20,12,30
650,212,12,-2,-1,240,10,80,20,800,400,20,12,30
662,210,12,-2,0,220,10,80,20,800,400,20,12,30
674,208,12,-2,0,220,10,80,20,800,400,20,12,30
686,206,12,-2,0,220,10,80,20,800,400,20,12,30
698,204,12,-2,0,220,10,80,20,800,400,20,12,30
710,202,12,-2,-1,220,10,80,20,800,400,20,12,30
722,200,12,-2,0,200,10,80,20,800,400,20,12,30
734,198,12,-2,0,200,10,80,20,800,400,20,12,30
746,196,12,-2,0,200,10,80,20,800,400,20,12,30
758,194,12,-2,0,200,10,80,20,800,400,20,12,30
770,192,12,-2,0,200,10,80,20,800,400,20,12,30
758,190,-12,-2,-1,200,10,80,20,800,400,20,12,30
746,188,-12,-2,0,180,10,80,20,800,400,20,12,30
734,186,-12,-2,0,180,10,80,20,800,400,20,12,30
722,184,-12,-2,0,180,10,80,20,800,400,20,12,30
710,182,-12,-2,0,180,10,80,20,800,400,20,12,30
698,180,-12,-2,0,180,10,80,20,800,400,20,12,30
686,178,-12,-2,0,180,10,80,20,800,400,20,12,30
674,176,-12,-2,0,180,10,80,20,800,400,20,12,30
662,174,-12,-2,0,180,10,80,20,800,400,20,12,30
650,172,-12,-2,0,180,10,80,20,800,400,20,12,30
638,170,-12,-2,0,180,10,80,20,800,400,20,12,30
626,168,-12,-2,0,180,10,80,20,800,400,20,12,30
614,166,-12,-2,0,180,10,80,20,800,400,20,12,30
602,164,-12,-2,0,180,10,80,20,800,400,20,12,30
590,162,-12,-2,0,180,10,80,20,800,400,20,12,30
578,160,-12,-2,0,180,10,80,20,800,400,20,12,30
566,158,-12,-2,0,180,10,80,20,800,400,20,12,30
554,156,-12,-2,0,180,10,80,20,800,400,20,12,30
542,154,-12,-2,0,180,10,80,20,800,400,20,12,30
530,152,-12,-2,0,180,10,80,20,800,400,20,12,30
518,150,-12,-2,0,180,10,80,20,800,400,20,12,30
506,148,-12,-2,0,180,10,80,20,800,400,20,12,30
494,146,-12,-2,0,180,10,80,20,800,400,20,12,30
482,144,-12,-2,0,180,10,80,20,800,400,20,12,30
470,142,-12,-2,0,180,10,80,20,800,400,20,12,30
458,140,-12,-2,0,180,10,80,20,800,400,20,12,30
446,138,-12,-2,0,180,10,80,20,800,400,20,12,30
434,136,-12,-2,0,180,10,80,20,800,400,20,12,30
422,134,-12,-2,0,180,10,80,20,800,400,20,12,30
410,132,-12,-2,0,180,10,80,20,800,400,20,12,30
398,130,-12,-2,0,180,10,80,20,800,400,20,12,30
386,128,-12,-2,0,180,10,80,20,800,400,20,12,30
374,126,-12,-2,0,180,10,80,20,800,400,20,12,30
362,124,-12,-2,0,180,10,80,20,800,400,20,12,30
350,122,-12,-2,0,180,10,80,20,800,400,20,12,30
338,120,-12,-2,0,180,10,80,20,800,400,20,12,30
326,118,-12,-2,0,180,10,80,20,800,400,20,12,30
314,116,-12,-2,0,180,10,80,20,800,400,20,12,30
302,114,-12,-2,0,180,10,80,20,800,400,20,12,30
290,112,-12,-2,0,180,10,80,20,800,400,20,12,30
278,110,-12,-2,0,180,10,80,20,800,400,20,12,30
266,108,-12,-2,0,180,10,80,20,800,400,20,12,30
254,106,-12,-2,0,180,10,80,20,800,400,20,12,30
242,104,-12,-2,0,180,10,80,20,800,400,20,12,30
230,102,-12,-2,0,180,10,80,20,800,400,20,12,30
218,100,-12,-2,0,180,10,80,20,800,400,20,12,30
206,98,-12,-2,0,180,10,80,20,800,400,20,12,30
194,96,-12,-2,0,180,10,80,20,800,400,20,12,30
182,94,-12,-2,0,180,10,80,20,800,400,20,12,30
170,92,-12,-2,0,180,10,80,20,800,400,20,12,30
158,90,-12,-2,0,180,10,80,20,800,400,20,12,30
146,88,-12,-2,0,180,10,80,20,800,400,20,12,30
134,86,-12,-2,0,180,10,80,20,800,400,20,12,30
122,84,-12,-2,0,180,10,80,20,800,400,20,12,30
110,82,-12,-2,0,180,10,80,20,800,400,20,12,30
98,80,-12,-2,0,180,10,80,20,800,400,20,12,30
86,78,-12,-2,0,180,10,80,20,800,400,20,12,30
74,76,-12,-2,0,180,10,80,20,800,400,20,12,30
62,74,-12,-2,0,180,10,80,20,800,400,20,12,30
50,72,-12,-2,0,180,10,80,20,800,400,20,12,30
38,70,-12,-2,0,180,10,80,20,800,400,20,12,30
50,68,12,-2,0,180,10,80,20,800,400,20,12,30
62,66,12,-2,0,180,10,80,20,800,400,20,12,30
74,64,12,-2,0,180,10,80,20,800,400,20,12,30
86,62,12,-2,0,180,10,80,20,800,400,20,12,30
98,60,12,-2,0,180,10,80,20,800,400,20,12,30
110,58,12,-2,0,180,10,80,20,800,400,20,12,30
122,56,12,-2,0,180,10,80,20,800,400,20,12,30
134,54,12,-2,-1,180,10,80,20,800,400,20,12,30
146,52,12,-2,0,160,10,80,20,800,400,20,12,30
158,50,12,-2,0,160,10,80,20,800,400,20,12,30
170,48,12,-2,0,160,10,80,20,800,400,20,12,30
182,46,12,-2,0,160,10,80,20,800,400,20,12,30
194,44,12,-2,0,160,10,80,20,800,400,20,12,30
206,42,12,-2,0,160,10,80,20,800,400,20,12,30
218,40,12,-2,-1,160,10,80,20,800,400,20,12,30
230,38,12,-2,0,140,10,80,20,800,400,20,12,30
242,36,12,-2,0,140,10,80,20,800,400,20,12,30
254,34,12,-2,0,140,10,80,20,800,400,20,12,30
266,32,12,-2,0,140,10,80,20,800,400,20,12,30
278,30,12,-2,0,140,10,80,20,800,400,20,12,30
290,32,12,2,0,140,10,80,20,800,400,20,12,30
302,34,12,2,-1,140,10,80,20,800,400,20,12,30
314,36,12,2,0,120,10,80,20,800,400,20,12,30
326,38,12,2,0,120,10,80,20,800,400,20,12,30
338,40,12,2,0,120,10,80,20,800,400,20,12,30
350,42,12,2,0,120,10,80,20,800,400,20,12,30
362,44,12,2,0,120,10,80,20,800,400,20,12,30
374,46,12,2,-1,120,10,80,20,800,400,20,12,30
386,48,12,2,0,100,10,80,20,800,400,20,12,30
398,50,12,2,0,100,10,80,20,800,400,20,12,30
410,52,12,2,0,100,10,80,20,800,400,20,12,30
422,54,12,2,0,100,10,80,20,800,400,20,12,30
434,56,12,2,0,100,10,80,20,800,400,20,12,30
446,58,12,2,-1,100,10,80,20,800,400,20,12,30
458,60,12,2,0,80,10,80,20,800,400,20,12,30
470,62,12,2,0,80,10,80,20,800,400,20,12,30
482,64,12,2,0,80,10,80,20,800,400,20,12,30
494,66,12,2,0,80,10,80,20,800,400,20,12,30
506,68,12,2,0,80,10,80,20,800,400,20,12,30
518,70,12,2,0,80,10,80,20,800,400,20,12,30
530,72,12,2,0,80,10,80,20,800,400,20,12,30
542,74,12,2,0,80,10,80,20,800,400,20,12,30
554,76,12,2,0,80,10,80,20,800,400,20,12,30
566,78,12,2,0,80,10,80,20,800,400,20,12,30
578,80,12,2,0,80,10,80,20,800,400,20,12,30
590,82,12,2,0,80,10,80,20,800,400,20,12,30
602,84,12,2,0,80,10,80,20,800,400,20,12,30
614,86,12,2,0,80,10,80,20,800,400,20,12,30
626,88,12,2,0,80,10,80,20,800,400,20,12,30
638,90,12,2,0,80,10,80,20,800,400,20,12,30
650,92,12,2,0,80,10,80,20,800,400,20,12,30
662,94,12,2,0,80,10,80,20,800,400,20,12,30
674,96,12,2,0,80,10,80,20,800,400,20,12,30
686,98,12,2,0,80,10,80,20,800,400,20,12,30
698,100,12,2,0,80,10,80,20,800,400,20,12,30
710,102,12,2,0,80,10,80,20,800,400,20,12,30
722,104,12,2,0,80,10,80,20,800,400,20,12,30
734,106,12,2,0,80,10,80,20,800,400,20,12,30
746,108,12,2,0,80,10,80,20,800,400,20,12,30
758,110,12,2,0,80,10,80,20,800,400,20,12,30
770,112,12,2,0,80,10,80,20,800,400,20,12,30
758,114,-12,2,0,80,10,80,20,800,400,20,12,30
746,116,-12,2,0,80,10,80,20,800,400,20,12,30
734,118,-12,2,0,80,10,80,20,800,400,20,12,30
722,120,-12,2,0,80,10,80,20,800,400,20,12,30
710,122,-12,2,0,80,10,80,20,800,400,20,12,30
698,124,-12,2,0,80,10,80,20,800,400,20,12,30
686,126,-12,2,0,80,10,80,20,800,400,20,12,30
674,128,-12,2,0,80,10,80,20,800,400,20,12,30
662,130,-12,2,0,80,10,80,20,800,400,20,12,30
650,132,-12,2,0,80,10,80,20,800,400,20,12,30
638,134,-12,2,0,80,10,80,20,800,400,20,12,30
626,136,-12,2,0,80,10,80,20,800,400,20,12,30
614,138,-12,2,0,80,10,80,20,800,400,20,12,30
602,140,-12,2,0,80,10,80,20,800,400,20,12,30
590,142,-12,2,0,80,10,80,20,800,400,20,12,30
578,144,-12,2,0,80,10,80,20,800,400,20,12,30
566,146,-12,2,0,80,10,80,20,800,400,20,12,30
554,148,-12,2,0,80,10,80,20,800,400,20,12,30
542,150,-12,2,0,80,10,80,20,800,400,20,12,30
530,152,-12,2,1,80,10,80,20,800,400,20,12,30
518,154,-12,2,0,100,10,80,20,800,400,20,12,30
506,156,-12,2,0,100,10,80,20,800,400,20,12,30
494,158,-12,2,0,100,10,80,20,800,400,20,12,30
482,160,-12,2,0,100,10,80,20,800,400,20,12,30
470,162,-12,2,0,100,10,80,20,800,400,20,12,30
458,164,-12,2,0,100,10,80,20,800,400,20,12,30
446,166,-12,2,0,100,10,80,20,800,400,20,12,30
434,168,-12,2,0,100,10,80,20,800,400,20,12,30
422,170,-12,2,0,100,10,80,20,800,400,20,12,30
410,172,-12,2,0,100,10,80,20,800,400,20,12,30
398,174,-12,2,0,100,10,80,20,800,400,20,12,30
386,176,-12,2,0,100,10,80,20,800,400,20,12,30
374,178,-12,2,0,100,10,80,20,800,400,20,12,30
362,180,-12,2,0,100,10,80,20,800,400,20,12,30
350,182,-12,2,0,100,10,80,20,800,400,20,12,30
338,184,-12,2,0,100,10,80,20,800,400,20,12,30
326,186,-12,2,0,100,10,80,20,800,400,20,12,30
314,188,-12,2,0,100,10,80,20,800,400,20,12,30
302,190,-12,2,1,100,10,80,20,800,400,20,12,30
290,192,-12,2,0,120,10,80,20,800,400,20,12,30
278,194,-12,2,0,120,10,80,20,800,400,20,12,30
266,196,-12,2,0,120,10,80,20,800,400,20,12,30
254,198,-12,2,0,120,10,80,20,800,400,20,12,30
242,200,-12,2,0,120,10,80,20,800,400,20,12,30
230,202,-12,2,0,120,10,80,20,800,400,20,12,30
218,204,-12,2,0,120,10,80,20,800,400,20,12,30
206,206,-12,2,0,120,10,80,20,800,400,20,12,30
194,208,-12,2,0,120,10,80,20,800,400,20,12,30
182,210,-12,2,0,120,10,80,20,800,400,20,12,30
170,212,-12,2,0,120,10,80,20,800,400,20,12,30
158,214,-12,2,0,120,10,80,20,800,400,20,12,30
146,216,-12,2,0,120,10,80,20,800,400,20,12,30
134,218,-12,2,0,120,10,80,20,800,400,20,12,30
122,220,-12,2,0,120,10,80,20,800,400,20,12,30
110,222,-12,2,0,120,10,80,20,800,400,20,12,30
98,224,-12,2,0,120,10,80,20,800,400,20,12,30
86,226,-12,2,0,120,10,80,20,800,400,20,12,30
74,228,-12,2,0,120,10,80,20,800,400,20,12,30
62,230,-12,2,0,120,10,80,20,800,400,20,12,30
50,232,-12,2,0,120,10,80,20,800,400,20,12,30
38,234,-12,2,0,120,10,80,20,800,400,20,12,30
50,236,12,2,0,120,10,80,20,800,400,20,12,30
62,238,12,2,0,120,10,80,20,800,400,20,12,30
74,240,12,2,0,120,10,80,20,800,400,20,12,30
86,242,12,2,0,120,10,80,20,800,400,20,12,30
98,244,12,2,1,120,10,80,20,800,400,20,12,30
110,246,12,2,0,140,10,80,20,800,400,20,12,30
122,248,12,2,0,140,10,80,20,800,400,20,12,30
134,250,12,2,0,140,10,80,20,800,400,20,12,30
146,252,12,2,0,140,10,80,20,800,400,20,12,30
158,254,12,2,0,140,10,80,20,800,400,20,12,30
170,256,12,2,0,140,10,80,20,800,400,20,12,30
182,258,12,2,0,140,10,80,20,800,400,20,12,30
194,260,12,2,1,140,10,80,20,800,400,20,12,30
206,262,12,2,0,160,10,80,20,800,400,20,12,30
218,264,12,2,0,160,10,80,20,800,400,20,12,30
230,266,12,2,0,160,10,80,20,800,400,20,12,30
242,268,12,2,0,160,10,80,20,800,400,20,12,30
254,270,12,2,0,160,10,80,20,800,400,20,12,30
266,272,12,2,1,160,10,80,20,800,400,20,12,30
278,274,12,2,0,180,10,80,20,800,400,20,12,30
290,276,12,2,0,180,10,80,20,800,400,20,12,30
302,278,12,2,0,180,10,80,20,800,400,20,12,30
314,280,12,2,0,180,10,80,20,800,400,20,12,30
326,282,12,2,0,180,10,80,20,800,400,20,12,30
338,284,12,2,1,180,10,80,20,800,400,20,12,30
350,286,12,2,0,200,10,80,20,800,400,20,12,30
362,288,12,2,0,200,10,80,20,800,400,20,12,30
374,290,12,2,0,200,10,80,20,800,400,20,12,30
386,292,12,2,0,200,10,80,20,800,400,20,12,30
398,294,12,2,0,200,10,80,20,800,400,20,12,30
410,296,12,2,1,200,10,80,20,800,400,20,12,30
422,298,12,2,0,220,10,80,20,800,400,20,12,30
434,300,12,2,0,220,10,80,20,800,400,20,12,30
446,302,12,2,0,220,10,80,20,800,400,20,12,30
458,304,12,2,0,220,10,80,20,800,400,20,12,30
470,306,12,2,0,220,10,80,20,800,400,20,12,30
482,308,12,2,1,220,10,80,20,800,400,20,12,30
494,310,12,2,0,240,10,80,20,800,400,20,12,30
506,312,12,2,0,240,10,80,20,800,400,20,12,30
518,314,12,2,0,240,10,80,20,800,400,20,12,30
530,316,12,2,0,240,10,80,20,800,400,20,12,30
542,318,12,2,1,240,10,80,20,800,400,20,12,30
554,320,12,2,0,260,10,80,20,800,400,20,12,30
566,322,12,2,0,260,10,80,20,800,400,20,12,30
578,324,12,2,0,260,10,80,20,800,400,20,12,30
590,326,12,2,0,260,10,80,20,800,400,20,12,30
602,328,12,2,0,260,10,80,20,800,400,20,12,30
614,330,12,2,1,260,10,80,20,800,400,20,12,30
626,332,12,2,0,280,10,80,20,800,400,20,12,30
638,334,12,2,0,280,10,80,20,800,400,20,12,30
650,336,12,2,0,280,10,80,20,800,400,20,12,30
662,338,12,2,0,280,10,80,20,800,400,20,12,30
674,340,12,2,0,280,10,80,20,800,400,20,12,30
686,342,12,2,1,280,10,80,20,800,400,20,12,30
698,344,12,2,0,300,10,80,20,800,400,20,12,30
710,346,12,2,0,300,10,80,20,800,400,20,12,30
722,348,12,2,0,300,10,80,20,800,400,20,12,30
734,350,12,2,0,300,10,80,20,800,400,20,12,30
746,352,12,2,0,300,10,80,20,800,400,20,12,30
758,354,12,2,1,300,10,80,20,800,400,20,12,30
770,356,12,2,0,320,10,80,20,800,400,20,12,30
758,358,-12,2,0,320,10,80,20,800,400,20,12,30
746,360,-12,2,0,320,10,80,20,800,400,20,12,30
734,362,-12,2,0,320,10,80,20,800,400,20,12,30
722,364,-12,2,0,320,10,80,20,800,400,20,12,30
710,366,-12,2,0,320,10,80,20,800,400,20,12,30
698,368,-12,2,0,320,10,80,20,800,400,20,12,30
686,370,-12,2,0,320,10,80,20,800,400,20,12,30
674,368,-12,-2,0,320,10,80,20,800,400,20,12,30
662,366,-12,-2,0,320,10,80,20,800,400,20,12,30
650,364,-12,-2,0,320,10,80,20,800,400,20,12,30
638,362,-12,-2,0,320,10,80,20,800,400,20,12,30
626,360,-12,-2,0,320,10,80,20,800,400,20,12,30
614,358,-12,-2,0,320,10,80,20,800,400,20,12,30
602,356,-12,-2,0,320,10,80,20,800,400,20,12,30
590,354,-12,-2,0,320,10,80,20,800,400,20,12,30
578,352,-12,-2,0,320,10,80,20,800,400,20,12,30
566,350,-12,-2,0,320,10,80,20,800,400,20,12,30
554,348,-12,-2,0,320,10,80,20,800,400,20,12,30
542,346,-12,-2,0,320,10,80,20,800,400,20,12,30
530,344,-12,-2,0,320,10,80,20,800,400,20,12,30
518,342,-12,-2,0,320,10,80,20,800,400,20,12,30
506,340,-12,-2,0,320,10,80,20,800,400,20,12,30
494,338,-12,-2,0,320,10,80,20,800,400,20,12,30
482,336,-12,-2,0,320,10,80,20,800,400,20,12,30
470,334,-12,-2,0,320,10,80,20,800,400,20,12,30
458,332,-12,-2,0,320,10,80,20,800,400,20,12,30
446,330,-12,-2,0,320,10,80,20,800,400,20,12,30
434,328,-12,-2,0,320,10,80,20,800,400,20,12,30
422,326,-12,-2,0,320,10,80,20,800,400,20,12,30
410,324,-12,-2,0,320,10,80,20,800,400,20,12,30
398,322,-12,-2,0,320,10,80,20,800,400,20,12,30
386,320,-12,-2,0,320,10,80,20,800,400,20,12,30
374,318,-12,-2,0,320,10,80,20,800,400,20,12,30
362,316,-12,-2,0,320,10,80,20,800,400,20,12,30
350,314,-12,-2,0,320,10,80,20,800,400,20,12,30
338,312,-12,-2,0,320,10,80,20,800,400,20,12,30
326,310,-12,-2,-1,320,10,80,20,800,400,20,12,30
314,308,-12,-2,0,300,10,80,20,800,400,20,12,30
302,306,-12,-2,0,300,10,80,20,800,400,20,12,30
290,304,-12,-2,0,300,10,80,20,800,400,20,12,30
278,302,-12,-2,0,300,10,80,20,800,400,20,12,30
266,300,-12,-2,0,300,10,80,20,800,400,20,12,30
254,298,-12,-2,0,300,10,80,20,800,400,20,12,30
242,296,-12,-2,0,300,10,80,20,800,400,20,12,30
230,294,-12,-2,0,300,10,80,20,800,400,20,12,30
218,292,-12,-2,0,300,10,80,20,800,400,20,12,30
206,290,-12,-2,0,300,10,80,20,800,400,20,12,30
194,288,-12,-2,-1,300,10,80,20,800,400,20,12,30
182,286,-12,-2,0,280,10,80,20,800,400,20,12,30
170,284,-12,-2,0,280,10,80,20,800,400,20,12,30
158,282,-12,-2,0,280,10,80,20,800,400,20,12,30
146,280,-12,-2,0,280,10,80,20,800,400,20,12,30
134,278,-12,-2,0,280,10,80,20,800,400,20,12,30
122,276,-12,-2,0,280,10,80,20,800,400,20,12,30
110,274,-12,-2,0,280,10,80,20,800,400,20,12,30
98,272,-12,-2,0,280,10,80,20,800,400,20,12,30
86,270,-12,-2,0,280,10,80,20,800,400,20,12,30
74,268,-12,-2,0,280,10,80,20,800,400,20,12,30
62,266,-12,-2,-1,280,10,80,20,800,400,20,12,30
50,264,-12,-2,0,260,10,80,20,800,400,20,12,30
38,262,-12,-2,0,260,10,80,20,800,400,20,12,30
50,260,12,-2,0,260,10,80,20,800,400,20,12,30
62,258,12,-2,0,260,10,80,20,800,400,20,12,30
74,256,12,-2,0,260,10,80,20,800,400,20,12,30
86,254,12,-2,0,260,10,80,20,800,400,20,12,30
98,252,12,-2,-1,260,10,80,20,800,400,20,12,30
110,250,12,-2,0,240,10,80,20,800,400,20,12,30
122,248,12,-2,0,240,10,80,20,800,400,20,12,30
134,246,12,-2,0,240,10,80,20,800,400,20,12,30
146,244,12,-2,0,240,10,80,20,800,400,20,12,30
158,242,12,-2,0,240,10,80,20,800,400,20,12,30
170,240,12,-2,-1,240,10,80,20,800,400,20,12,30
182,238,12,-2,0,220,10,80,20,800,400,20,12,30
194,236,12,-2,0,220,10,80,20,800,400,20,12,30
206,234,12,-2,0,220,10,80,20,800,400,20,12,30
218,232,12,-2,0,220,10,80,20,800,400,20,12,30
230,230,12,-2,0,220,10,80,20,800,400,20,12,30
242,228,12,-2,0,220,10,80,20,800,400,20,12,30
254,226,12,-2,0,220,10,80,20,800,400,20,12,30
266,224,12,-2,0,220,10,80,20,800,400,20,12,30
278,222,12,-2,0,220,10,80,20,800,400,20,12,30
290,220,12,-2,0,220,10,80,20,800,400,20,12,30
302,218,12,-2,-1,220,10,80,20,800,400,20,12,30
314,216,12,-2,0,200,10,80,20,800,400,20,12,30
326,214,12,-2,0,200,10,80,20,800,400,20,12,30
338,212,12,-2,0,200,10,80,20,800,400,20,12,30
350,210,12,-2,0,200,10,80,20,800,400,20,12,30
362,208,12,-2,0,200,10,80,20,800,400,20,12,30
374,206,12,-2,-1,200,10,80,20,800,400,20,12,30
386,204,12,-2,0,180,10,80,20,800,400,20,12,30
398,202,12,-2,0,180,10,80,20,800,400,20,12,30
410,200,12,-2,0,180,10,80,20,800,400,20,12,30
422,198,12,-2,0,180,10,80,20,800,400,20,12,30
434,196,12,-2,0,180,10,80,20,800,400,20,12,30
446,194,12,-2,0,180,10,80,20,800,400,20,12,30
458,192,12,-2,-1,180,10,80,20,800,400,20,12,30
470,190,12,-2,0,160,10,80,20,800,400,20,12,30
482,188,12,-2,0,160,10,80,20,800,400,20,12,30
494,186,12,-2,0,160,10,80,20,800,400,20,12,30
506,184,12,-2,0,160,10,80,20,800,400,20,12,30
518,182,12,-2,0,160,10,80,20,800,400,20,12,30
530,180,12,-2,0,160,10,80,20,800,400,20,12,30
542,178,12,-2,0,160,10,80,20,800,400,20,12,30
554,176,12,-2,0,160,10,80,20,800,400,20,12,30
566,174,12,-2,0,160,10,80,20,800,400,20,12,30
578,172,12,-2,0,160,10,80,20,800,400,20,12,30
590,170,12,-2,0,160,10,80,20,800,400,20,12,30
602,168,12,-2,0,160,10,80,20,800,400,20,12,30
614,166,12,-2,0,160,10,80,20,800,400,20,12,30
626,164,12,-2,0,160,10,80,20,800,400,20,12,30
638,162,12,-2,0,160,10,80,20,800,400,20,12,30
650,160,12,-2,0,160,10,80,20,800,400,20,12,30
662,158,12,-2,0,160,10,80,20,800,400,20,12,30
674,156,12,-2,0,160,10,80,20,800,400,20,12,30
686,154,12,-2,0,160,10,80,20,800,400,20,12,30
698,152,12,-2,0,160,10,80,20,800,400,20,12,30
710,150,12,-2,0,160,10,80,20,800,400,20,12,30
722,148,12,-2,0,160,10,80,20,800,400,20,12,30
734,146,12,-2,0,160,10,80,20,800,400,20,12,30
746,144,12,-2,0,160,10,80,20,800,400,20,12,30
758,142,12,-2,0,160,10,80,20,800,400,20,12,30
770,140,12,-2,0,160,10,80,20,800,400,20,12,30
758,138,-12,-2,0,160,10,80,20,800,400,20,12,30
746,136,-12,-2,0,160,10,80,20,800,400,20,12,30
734,134,-12,-2,0,160,10,80,20,800,400,20,12,30
722,132,-12,-2,0,160,10,80,20,800,400,20,12,30
710,130,-12,-2,0,160,10,80,20,800,400,20,12,30
698,128,-12,-2,0,160,10,80,20,800,400,20,12,30
686,126,-12,-2,0,160,10,80,20,800,400,20,12,30
674,124,-12,-2,0,160,10,80,20,800,400,20,12,30
662,122,-12,-2,0,160,10,80,20,800,400,20,12,30
650,120,-12,-2,0,160,10,80,20,800,400,20,12,30
638,118,-12,-2,-1,160,10,80,20,800,400,20,12,30
626,116,-12,-2,0,140,10,80,20,800,400,20,12,30
614,114,-12,-2,0,140,10,80,20,800,400,20,12,30
602,112,-12,-2,0,140,10,80,20,800,400,20,12,30
590,110,-12,-2,0,140,10,80,20,800,400,20,12,30
578,108,-12,-2,0,140,10,80,20,800,400,20,12,30
566,106,-12,-2,0,140,10,80,20,800,400,20,12,30
554,104,-12,-2,0,140,10,80,20,800,400,20,12,30
542,102,-12,-2,0,140,10,80,20,800,400,20,12,30
530,100,-12,-2,-1,140,10,80,20,800,400,20,12,30
518,98,-12,-2,0,120,10,80,20,800,400,20,12,30
506,96,-12,-2,0,120,10,80,20,800,400,20,12,30
494,94,-12,-2,0,120,10,80,20,800,400,20,12,30
482,92,-12,-2,0,120,10,80,20,800,400,20,12,30
470,90,-12,-2,0,120,10,80,20,800,400,20,12,30
458,88,-12,-2,0,120,10,80,20,800,400,20,12,30
446,86,-12,-2,0,120,10,80,20,800,400,20,12,30
434,84,-12,-2,-1,120,10,80,20,800,400,20,12,30
422,82,-12,-2,0,100,10,80,20,800,400,20,12,30
410,80,-12,-2,0,100,10,80,20,800,400,20,12,30
398,78,-12,-2,0,100,10,80,20,800,400,20,12,30
386,76,-12,-2,0,100,10,80,20,800,400,20,12,30
374,74,-12,-2,0,100,10,80,20,800,400,20,12,30
362,72,-12,-2,0,100,10,80,20,800,400,20,12,30
350,70,-12,-2,-1,100,10,80,20,800,400,20,12,30
338,68,-12,-2,0,80,10,80,20,800,400,20,12,30
326,66,-12,-2,0,80,10,80,20,800,400,20,12,30
314,64,-12,-2,0,80,10,80,20,800,400,20,12,30
302,62,-12,-2,0,80,10,80,20,800,400,20,12,30
290,60,-12,-2,0,80,10,80,20,800,400,20,12,30
278,58,-12,-2,0,80,10,80,20,800,400,20,12,30
266,56,-12,-2,0,80,10,80,20,800,400,20,12,30
254,54,-12,-2,0,80,10,80,20,800,400,20,12,30
242,52,-12,-2,0,80,10,80,20,800,400,20,12,30
230,50,-12,-2,0,80,10,80,20,800,400,20,12,30
218,48,-12,-2,0,80,10,80,20,800,400,20,12,30
206,46,-12,-2,0,80,10,80,20,800,400,20,12,30
194,44,-12,-2,0,80,10,80,20,800,400,20,12,30
182,42,-12,-2,0,80,10,80,20,800,400,20,12,30
170,40,-12,-2,0,80,10,80,20,800,400,20,12,30
158,38,-12,-2,0,80,10,80,20,800,400,20,12,30
146,36,-12,-2,0,80,10,80,20,800,400,20,12,30
134,34,-12,-2,0,80,10,80,20,800,400,20,12,30
122,32,-12,-2,0,80,10,80,20,800,400,20,12,30
110,30,-12,-2,0,80,10,80,20,800,400,20,12,30
98,32,-12,2,0,80,10,80,20,800,400,20,12,30
86,34,-12,2,0,80,10,80,20,800,400,20,12,30
74,36,-12,2,0,80,10,80,20,800,400,20,12,30
62,38,-12,2,0,80,10,80,20,800,400,20,12,30
50,40,-12,2,0,80,10,80,20,800,400,20,12,30
38,42,-12,2,0,80,10,80,20,800,400,20,12,30
50,44,12,2,0,80,10,80,20,800,400,20,12,30
62,46,12,2,0,80,10,80,20,800,400,20,12,30
74,48,12,2,0,80,10,80,20,800,400,20,12,30
86,50,12,2,0,80,10,80,20,800,400,20,12,30
98,52,12,2,0,80,10,80,20,800,400,20,12,30
110,54,12,2,1,80,10,80,20,800,400,20,12,30
122,56,12,2,0,100,10,80,20,800,400,20,12,30
134,58,12,2,0,100,10,80,20,800,400,20,12,30
146,60,12,2,0,100,10,80,20,800,400,20,12,30
158,62,12,2,0,100,10,80,20,800,400,20,12,30
170,64,12,2,0,100,10,80,20,800,400,20,12,30
182,66,12,2,0,100,10,80,20,800,400,20,12,30
194,68,12,2,0,100,10,80,20,800,400,20,12,30
206,70,12,2,0,100,10,80,20,800,400,20,12,30
218,72,12,2,0,100,10,80,20,800,400,20,12,30
230,74,12,2,0,100,10,80,20,800,400,20,12,30
242,76,12,2,0,100,10,80,20,800,400,20,12,30
254,78,12,2,0,100,10,80,20,800,400,20,12,30
266,80,12,2,0,100,10,80,20,800,400,20,12,30
278,82,12,2,0,100,10,80,20,800,400,20,12,30
290,84,12,2,0,100,10,80,20,800,400,20,12,30
302,86,12,2,0,100,10,80,20,800,400,20,12,30
314,88,12,2,0,100,10,80,20,800,400,20,12,30
326,90,12,2,0,100,10,80,20,800,400,20,12,30
338,92,12,2,0,100,10,80,20,800,400,20,12,30
350,94,12,2,0,100,10,80,20,800,400,20,12,30
362,96,12,2,0,100,10,80,20,800,400,20,12,30
374,98,12,2,0,100,10,80,20,800,400,20,12,30
386,100,12,2,0,100,10,80,20,800,400,20,12,30
398,102,12,2,0,100,10,80,20,800,400,20,12,30
410,104,12,2,0,100,10,80,20,800,400,20,12,30
422,106,12,2,0,100,10,80,20,800,400,20,12,30
434,108,12,2,0,100,10,80,20,800,400,20,12,30
446,110,12,2,0,100,10,80,20,800,400,20,12,30
458,112,12,2,0,100,10,80,20,800,400,20,12,30
470,114,12,2,0,100,10,80,20,800,400,20,12,30
482,116,12,2,0,100,10,80,20,800,400,20,12,30
494,118,12,2,0,100,10,80,20,800,400,20,12,30
506,120,12,2,0,100,10,80,20,800,400,20,12,30
518,122,12,2,0,100,10,80,20,800,400,20,12,30
530,124,12,2,0,100,10,80,20,800,400,20,12,30
542,126,12,2,0,100,10,80,20,800,400,20,12,30
554,128,12,2,0,100,10,80,20,800,400,20,12,30
566,130,12,2,0,100,10,80,20,800,400,20,12,30
578,132,12,2,0,100,10,80,20,800,400,20,12,30
590,134,12,2,0,100,10,80,20,800,400,20,12,30
602,136,12,2,1,100,10,80,20,800,400,20,12,30
614,138,12,2,0,120,10,80,20,800,400,20,12,30
626,140,12,2,0,120,10,80,20,800,400,20,12,30
638,142,12,2,0,120,10,80,20,800,400,20,12,30
650,144,12,2,0,120,10,80,20,800,400,20,12,30
662,146,12,2,0,120,10,80,20,800,400,20,12,30
674,148,12,2,0,120,10,80,20,800,400,20,12,30
686,150,12,2,1,120,10,80,20,800,400,20,12,30
698,152,12,2,0,140,10,80,20,800,400,20,12,30
710,154,12,2,0,140,10,80,20,800,400,20,12,30
722,156,12,2,0,140,10,80,20,800,400,20,12,30
734,158,12,2,0,140,10,80,20,800,400,20,12,30
746,160,12,2,0,140,10,80,20,800,400,20,12,30
758,162,12,2,0,140,10,80,20,800,400,20,12,30
770,164,12,2,0,140,10,80,20,800,400,20,12,30
758,166,-12,2,0,140,10,80,20,800,400,20,12,30
746,168,-12,2,0,140,10,80,20,800,400,20,12,30
734,170,-12,2,0,140,10,80,20,800,400,20,12,30
722,172,-12,2,0,140,10,80,20,800,400,20,12,30
710,174,-12,2,0,140,10,80,20,800,400,20,12,30
698,176,-12,2,0,140,10,80,20,800,400,20,12,30
686,178,-12,2,0,140,10,80,20,800,400,20,12,30
674,180,-12,2,0,140,10,80,20,800,400,20,12,30
662,182,-12,2,0,140,10,80,20,800,400,20,12,30
650,184,-12,2,0,140,10,80,20,800,400,20,12,30
638,186,-12,2,0,140,10,80,20,800,400,20,12,30
626,188,-12,2,0,140,10,80,20,800,400,20,12,30
614,190,-12,2,0,140,10,80,20,800,400,20,12,30
602,192,-12,2,0,140,10,80,20,800,400,20,12,30
590,194,-12,2,0,140,10,80,20,800,400,20,12,30
578,196,-12,2,0,140,10,80,20,800,400,20,12,30
566,198,-12,2,0,140,10,80,20,800,400,20,12,30
554,200,-12,2,1,140,10,80,20,800,400,20,12,30
542,202,-12,2,0,160,10,80,20,800,400,20,12,30
530,204,-12,2,0,160,10,80,20,800,400,20,12,30
518,206,-12,2,0,160,10,80,20,800,400,20,12,30
506,208,-12,2,0,160,10,80,20,800,400,20,12,30
494,210,-12,2,0,160,10,80,20,800,400,20,12,30
482,212,-12,2,0,160,10,80,20,800,400,20,12,30
470,214,-12,2,0,160,10,80,20,800,400,20,12,30
458,216,-12,2,0,160,10,80,20,800,400,20,12,30
446,218,-12,2,0,160,10,80,20,800,400,20,12,30
434,220,-12,2,0,160,10,80,20,800,400,20,12,30
422,222,-12,2,0,160,10,80,20,800,400,20,12,30
410,224,-12,2,0,160,10,80,20,800,400,20,12,30
398,226,-12,2,0,160,10,80,20,800,400,20,12,30
386,228,-12,2,0,160,10,80,20,800,400,20,12,30
374,230,-12,2,0,160,10,80,20,800,400,20,12,30
362,232,-12,2,0,160,10,80,20,800,400,20,12,30
350,234,-12,2,0,160,10,80,20,800,400,20,12,30
338,236,-12,2,0,160,10,80,20,800,400,20,12,30
326,238,-12,2,0,160,10,80,20,800,400,20,12,30
314,240,-12,2,0,160,10,80,20,800,400,20,12,30
302,242,-12,2,0,160,10,80,20,800,400,20,12,30
290,244,-12,2,0,160,10,80,20,800,400,20,12,30
278,246,-12,2,0,160,10,80,20,800,400,20,12,30
266,248,-12,2,1,160,10,80,20,800,400,20,12,30
254,250,-12,2,0,180,10,80,20,800,400,20,12,30
242,252,-12,2,0,180,10,80,20,800,400,20,12,30
230,254,-12,2,0,180,10,80,20,800,400,20,12,30
218,256,-12,2,0,180,10,80,20,800,400,20,12,30
206,258,-12,2,0,180,10,80,20,800,400,20,12,30
194,260,-12,2,0,180,10,80,20,800,400,20,12,30
182,262,-12,2,0,180,10,80,20,800,400,20,12,30
170,264,-12,2,1,180,10,80,20,800,400,20,12,30
158,266,-12,2,0,200,10,80,20,800,400,20,12,30
146,268,-12,2,0,200,10,80,20,800,400,20,12,30
134,270,-12,2,0,200,10,80,20,800,400,20,12,30
122,272,-12,2,0,200,10,80,20,800,400,20,12,30
110,274,-12,2,0,200,10,80,20,800,400,20,12,30
98,276,-12,2,0,200,10,80,20,800,400,20,12,30
86,278,-12,2,0,200,10,80,20,800,400,20,12,30
74,280,-12,2,0,200,10,80,20,800,400,20,12,30
62,282,-12,2,0,200,10,80,20,800,400,20,12,30
50,284,-12,2,0,200,10,80,20,800,400,20,12,30
38,286,-12,2,0,200,10,80,20,800,400,20,12,30
50,288,12,2,0,200,10,80,20,800,400,20,12,30
62,290,12,2,0,200,10,80,20,800,400,20,12,30
74,292,12,2,0,200,10,80,20,800,400,20,12,30
86,294,12,2,0,200,10,80,20,800,400,20,12,30
98,296,12,2,0,200,10,80,20,800,400,20,12,30
110,298,12,2,0,200,10,80,20,800,400,20,12,30
122,300,12,2,0,200,10,80,20,800,400,20,12,30
134,302,12,2,0,200,10,80,20,800,400,20,12,30
146,304,12,2,0,200,10,80,20,800,400,20,12,30
158,306,12,2,0,200,10,80,20,800,400,20,12,30
170,308,12,2,0,200,10,80,20,800,400,20,12,30
182,310,12,2,0,200,10,80,20,800,400,20,12,30
194,312,12,2,0,200,10,80,20,800,400,20,12,30
206,314,12,2,0,200,10,80,20,800,400,20,12,30
218,316,12,2,0,200,10,80,20,800,400,20,12,30
230,318,12,2,1,200,10,80,20,800,400,20,12,30
242,320,12,2,0,220,10,80,20,800,400,20,12,30
254,322,12,2,0,220,10,80,20,800,400,20,12,30
266,324,12,2,0,220,10,80,20,800,400,20,12,30
278,326,12,2,0,220,10,80,20,800,400,20,12,30
290,328,12,2,0,220,10,80,20,800,400,20,12,30
302,330,12,2,0,220,10,80,20,800,400,20,12,30
314,332,12,2,1,220,10,80,20,800,400,20,12,30
326,334,12,2,0,240,10,80,20,800,400,20,12,30
338,336,12,2,0,240,10,80,20,800,400,20,12,30
350,338,12,2,0,240,10,80,20,800,400,20,12,30
362,340,12,2,0,240,10,80,20,800,400,20,12,30
374,342,12,2,1,240,10,80,20,800,400,20,12,30
386,344,12,2,0,260,10,80,20,800,400,20,12,30
398,346,12,2,0,260,10,80,20,800,400,20,12,30
410,348,12,2,0,260,10,80,20,800,400,20,12,30
422,350,12,2,0,260,10,80,20,800,400,20,12,30
434,352,12,2,0,260,10,80,20,800,400,20,12,30
446,354,12,2,0,260,10,80,20,800,400,20,12,30
458,356,12,2,1,260,10,80,20,800,400,20,12,30
470,358,12,2,0,280,10,80,20,800,400,20,12,30
482,360,12,2,0,280,10,80,20,800,400,20,12,30
494,362,12,2,0,280,10,80,20,800,400,20,12,30
506,364,12,2,0,280,10,80,20,800,400,20,12,30
518,366,12,2,1,280,10,80,20,800,400,20,12,30
530,368,12,2,0,300,10,80,20,800,400,20,12,30
542,370,12,2,0,300,10,80,20,800,400,20,12,30
554,368,12,-2,0,300,10,80,20,800,400,20,12,30
566,366,12,-2,0,300,10,80,20,800,400,20,12,30
578,364,12,-2,0,300,10,80,20,800,400,20,12,30
590,362,12,-2,1,300,10,80,20,800,400,20,12,30
602,360,12,-2,0,320,10,80,20,800,400,20,12,30
614,358,12,-2,0,320,10,80,20,800,400,20,12,30
626,356,12,-2,0,320,10,80,20,800,400,20,12,30
638,354,12,-2,0,320,10,80,20,800,400,20,12,30
650,352,12,-2,0,320,10,80,20,800,400,20,12,30
662,350,12,-2,1,320,10,80,20,800,400,20,12,30
674,348,12,-2,0,340,10,80,20,800,400,20,12,30
686,346,12,-2,0,340,10,80,20,800,400,20,12,30
698,344,12,-2,0,340,10,80,20,800,400,20,12,30
710,342,12,-2,0,340,10,80,20,800,400,20,12,30
722,340,12,-2,0,340,10,80,20,800,400,20,12,30
734,338,12,-2,0,340,10,80,20,800,400,20,12,30
746,336,12,-2,1,340,10,80,20,800,400,20,12,30
758,334,12,-2,0,340,10,80,20,800,400,20,12,30
770,332,12,-2,0,340,10,80,20,800,400,20,12,30
758,330,-12,-2,0,340,10,80,20,800,400,20,12,30
746,328,-12,-2,0,340,10,80,20,800,400,20,12,30
734,326,-12,-2,0,340,10,80,20,800,400,20,12,30
722,324,-12,-2,0,340,10,80,20,800,400,20,12,30
710,322,-12,-2,0,340,10,80,20,800,400,20,12,30
698,320,-12,-2,0,340,10,80,20,800,400,20,12,30
686,318,-12,-2,0,340,10,80,20,800,400,20,12,30
674,316,-12,-2,0,340,10,80,20,800,400,20,12,30
662,314,-12,-2,0,340,10,80,20,800,400,20,12,30
650,312,-12,-2,0,340,10,80,20,800,400,20,12,30
638,310,-12,-2,0,340,10,80,20,800,400,20,12,30
626,308,-12,-2,0,340,10,80,20,800,400,20,12,30
614,306,-12,-2,0,340,10,80,20,800,400,20,12,30
602,304,-12,-2,0,340,10,80,20,800,400,20,12,30
590,302,-12,-2,0,340,10,80,20,800,400,20,12,30
578,300,-12,-2,0,340,10,80,20,800,400,20,12,30
566,298,-12,-2,0,340,10,80,20,800,400,20,12,30
554,296,-12,-2,0,340,10,80,20,800,400,20,12,30
542,294,-12,-2,0,340,10,80,20,800,400,20,12,30
530,292,-12,-2,0,340,10,80,20,800,400,20,12,30
518,290,-12,-2,0,340,10,80,20,800,400,20,12,30
506,288,-12,-2,0,340,10,80,20,800,400,20,12,30
494,286,-12,-2,0,340,10,80,20,800,400,20,12,30
482,284,-12,-2,0,340,10,80,20,800,400,20,12,30
470,282,-12,-2,0,340,10,80,20,800,400,20,12,30
458,280,-12,-2,0,340,10,80,20,800,400,20,12,30
446,278,-12,-2,0,340,10,80,20,800,400,20,12,30
434,276,-12,-2,0,340,10,80,20,800,400,20,12,30
422,274,-12,-2,0,340,10,80,20,800,400,20,12,30
410,272,-12,-2,0,340,10,80,20,800,400,20,12,30
398,270,-12,-2,0,340,10,80,20,800,400,20,12,30
386,268,-12,-2,0,340,10,80,20,800,400,20,12,30
374,266,-12,-2,0,340,10,80,20,800,400,20,12,30
362,264,-12,-2,0,340,10,80,20,800,400,20,12,30
350,262,-12,-2,0,340,10,80,20,800,400,20,12,30
338,260,-12,-2,0,340,10,80,20,800,400,20,12,30
326,258,-12,-2,0,340,10,80,20,800,400,20,12,30
314,256,-12,-2,0,340,10,80,20,800,400,20,12,30
302,254,-12,-2,0,340,10,80,20,800,400,20,12,30
290,252,-12,-2,0,340,10,80,20,800,400,20,12,30
278,250,-12,-2,0,340,10,80,20,800,400,20,12,30
266,248,-12,-2,0,340,10,80,20,800,400,20,12,30
254,246,-12,-2,0,340,10,80,20,800,400,20,12,30
242,244,-12,-2,0,340,10,80,20,800,400,20,12,30
230,242,-12,-2,0,340,10,80,20,800,400,20,12,30
218,240,-12,-2,0,340,10,80,20,800,400,20,12,30
206,238,-12,-2,0,340,10,80,20,800,400,20,12,30
194,236,-12,-2,0,340,10,80,20,800,400,20,12,30
182,234,-12,-2,0,340,10,80,20,800,400,20,12,30
170,232,-12,-2,0,340,10,80,20,800,400,20,12,30
158,230,-12,-2,0,340,10,80,20,800,400,20,12,30
146,228,-12,-2,0,340,10,80,20,800,400,20,12,30
134,226,-12,-2,0,340,10,80,20,800,400,20,12,30
122,224,-12,-2,0,340,10,80,20,800,400,20,12,30
110,222,-12,-2,0,340,10,80,20,800,400,20,12,30
98,220,-12,-2,0,340,10,80,20,800,400,20,12,30
86,218,-12,-2,0,340,10,80,20,800,400,20,12,30
74,216,-12,-2,0,340,10,80,20,800,400,20,12,30
62,214,-12,-2,0,340,10,80,20,800,400,20,12,30
50,212,-12,-2,0,340,10,80,20,800,400,20,12,30
38,210,-12,-2,0,340,10,80,20,800,400,20,12,30
50,208,12,-2,0,340,10,80,20,800,400,20,12,30
62,206,12,-2,0,340,10,80,20,800,400,20,12,30
74,204,12,-2,-1,340,10,80,20,800,400,20,12,30
86,202,12,-2,0,320,10,80,20,800,400,20,12,30
98,200,12,-2,0,320,10,80,20,800,400,20,12,30
110,198,12,-2,0,320,10,80,20,800,400,20,12,30
122,196,12,-2,0,320,10,80,20,800,400,20,12,30
134,194,12,-2,0,320,10,80,20,800,400,20,12,30
146,192,12,-2,0,320,10,80,20,800,400,20,12,30
158,190,12,-2,-1,320,10,80,20,800,400,20,12,30
170,188,12,-2,0,300,10,80,20,800,400,20,12,30
182,186,12,-2,0,300,10,80,20,800,400,20,12,30
194,184,12,-2,0,300,10,80,20,800,400,20,12,30
206,182,12,-2,0,300,10,80,20,800,400,20,12,30
218,180,12,-2,0,300,10,80,20,800,400,20,12,30
230,178,12,-2,-1,300,10,80,20,800,400,20,12,30
242,176,12,-2,0,280,10,80,20,800,400,20,12,30
254,174,12,-2,0,280,10,80,20,800,400,20,12,30
266,172,12,-2,0,280,10,80,20,800,400,20,12,30
278,170,12,-2,0,280,10,80,20,800,400,20,12,30
290,168,12,-2,0,280,10,80,20,800,400,20,12,30
302,166,12,-2,-1,280,10,80,20,800,400,20,12,30
314,164,12,-2,0,260,10,80,20,800,400,20,12,30
326,162,12,-2,0,260,10,80,20,800,400,20,12,30
338,160,12,-2,0,260,10,80,20,800,400,20,12,30
350,158,12,-2,0,260,10,80,20,800,400,20,12,30
362,156,12,-2,0,260,10,80,20,800,400,20,12,30
374,154,12,-2,-1,260,10,80,20,800,400,20,12,30
386,152,12,-2,0,240,10,80,20,800,400,20,12,30
398,150,12,-2,0,240,10,80,20,800,400,20,12,30
410,148,12,-2,0,240,10,80,20,800,400,20,12,30
422,146,12,-2,0,240,10,80,20,800,400,20,12,30
434,144,12,-2,0,240,10,80,20,800,400,20,12,30
446,142,12,-2,-1,240,10,80,20,800,400,20,12,30
458,140,12,-2,0,220,10,80,20,800,400,20,12,30
470,138,12,-2,0,220,10,80,20,800,400,20,12,30
482,136,12,-2,0,220,10,80,20,800,400,20,12,30
494,134,12,-2,0,220,10,80,20,800,400,20,12,30
506,132,12,-2,0,220,10,80,20,800,400,20,12,30
518,130,12,-2,-1,220,10,80,20,800,400,20,12,30
530,128,12,-2,0,200,10,80,20,800,400,20,12,30
542,126,12,-2,0,200,10,80,20,800,400,20,12,30
554,124,12,-2,0,200,10,80,20,800,400,20,12,30
566,122,12,-2,0,200,10,80,20,800,400,20,12,30
578,120,12,-2,-1,200,10,80,20,800,400,20,12,30
590,118,12,-2,0,180,10,80,20,800,400,20,12,30
602,116,12,-2,0,180,10,80,20,800,400,20,12,30
614,114,12,-2,0,180,10,80,20,800,400,20,12,30
626,112,12,-2,0,180,10,80,20,800,400,20,12,30
638,110,12,-2,0,180,10,80,20,800,400,20,12,30
650,108,12,-2,-1,180,10,80,20,800,400,20,12,30
662,106,12,-2,0,160,10,80,20,800,400,20,12,30
674,104,12,-2,0,160,10,80,20,800,400,20,12,30
686,102,12,-2,0,160,10,80,20,800,400,20,12,30
698,100,12,-2,0,160,10,80,20,800,400,20,12,30
710,98,12,-2,-1,160,10,80,20,800,400,20,12,30
722,96,12,-2,0,140,10,80,20,800,400,20,12,30
734,94,12,-2,0,140,10,80,20,800,400,20,12,30
746,92,12,-2,0,140,10,80,20,800,400,20,12,30
758,90,12,-2,0,140,10,80,20,800,400,20,12,30
770,88,12,-2,0,140,10,80,20,800,400,20,12,30
782,86,12,-2,-1,140,10,80,20,800,400,20,12,30
758,212,-12,12,0,200,10,80,20,800,400,20,12,30
746,224,-12,12,0,200,10,80,20,800,400,20,12,30
734,236,-12,12,0,200,10,80,20,800,400,20,12,30
